Workbook
Name Price_Q1: Analysis!$C$4
Name Price_Q3: Analysis!$C$5
Name Slicer_Discount_Category: #N/A
Name Slicer_Price_Category: #N/A
Name Slicer_Rating_Category: #N/A

Sheet RAW_Data
A1: Product | B1: Current price | C1: old price | D1: Discount | E1: Review | F1: Ratingd
A2: 115 Piece Set Of Multifunctional Precision Screwdrivers | B2: KSh 950 | C2: KSh 1,525 | D2: 0.38 | E2: -2 | F2: 4.5 out of 5
A3: Metal Decorative Hooks Key Hangers Entryway Wall Hooks Towel Hooks - Home | B3: KSh 527 | C3: KSh 999 | D3: 0.47 | E3: -14 | F3: 4.1 out of 5
A4: Portable Mini Cordless Car Vacuum Cleaner - Blue | B4: KSh 2,199 | C4: KSh 2,923 | D4: 0.25 | E4: -24 | F4: 4.6 out of 5
A5: Weighing Scale Digital Bathroom Body Fat Scale USB-Black | B5: KSh 1,580 | C5: KSh 2,499 | D5: 0.37 | E5: -7 | F5: 4.7 out of 5
A6: Portable Home Small Air Humidifier 3-Speed Fan - Green | B6: KSh 1,740 | C6: KSh 2,356 | D6: 0.26 | E6: -5 | F6: 4.8 out of 5
A7: 220V 60W Electric Soldering Iron Kits With Tools, Tips, And Multimeter | B7: KSh 2,999 | C7: KSh 3,290 | D7: 0.09 | E7: -15 | F7: 4 out of 5
A8: 137 Pieces Cake Decorating Tool Set Baking Supplies | B8: KSh 2,319 | C8: KSh 3,032 | D8: 0.24 | E8: -55 | F8: 4.6 out of 5
A9: Desk Foldable Fan Adjustable Fan Strong Wind 3 Gear Usb | B9: KSh 988 | C9: KSh 1,580 | D9: 0.37 | E9: -2 | F9: 4 out of 5
A10: LASA FOLDING TABLE SERVING STAND | B10: KSh 1,274 | C10: KSh 2,800 | D10: 0.55 | E10: -5 | F10: 4.8 out of 5
A11: 13 In 1 Home Repair Tools Box Kit Set | B11: KSh 1,600 | C11: KSh 2,929 | D11: 0.45 | E11: -5 | F11: 3.8 out of 5
A12: Genebre 115 In 1 Screwdriver Repairing Tool Set For IPhone Cellphone Hand Tool | B12: KSh 799 | C12: KSh 999 | D12: 0.2 | E12: -12 | F12: 4.1 out of 5
A13: 100 Pcs Crochet Hook Tool Set Knitting Hook Set With Box | B13: KSh 990 | C13: KSh 1,500 | D13: 0.34 | E13: -39 | F13: 4.7 out of 5
... A22: 3PCS Single Head Knitting Crochet Sweater Needle Set | B22: KSh 38 | C22: KSh 80 | D22: 0.53 | E22: -13 | F22: 3.3 out of 5
A23: 4pcs Bathroom/Kitchen Towel Rack,Roll Paper Holder,Towel Bars,Hook | B23: KSh 1,860 | C23: KSh 3,220 | D23: 0.42
A24: LED Romantic Spaceship Starry Sky Projector,Children's Bedroom Night Light-Blue | B24: KSh 880 | C24: KSh 1,350 | D24: 0.35 | E24: -6 | F24: 4 out of 5
A25: Foldable Overbed Table/Desk | B25: KSh 1,650 | C25: KSh 2,150 | D25: 0.23 | E25: -14 | F25: 4.4 out of 5
A26: LASA 3 Tier Bamboo Shoe Bench Storage Shelf | B26: KSh 2,048 | C26: KSh 4,500 | D26: 0.54 | E26: -7 | F26: 4.3 out of 5
A27: Electronic Digital Display Vernier Caliper | B27: KSh 420 | C27: KSh 647 | D27: 0.35 | E27: -49 | F27: 4.6 out of 5
A28: Portable Wardrobe Nonwoven With 3 Hanging Rods And 6 Storage Shelves | B28: KSh 2,880 | C28: KSh 3,520 | D28: 0.18 | E28: -12 | F28: 3.8 out of 5
A29: 12 Litre Black Insulated Lunch Box | B29: KSh 1,350 | C29: KSh 1,990 | D29: 0.32 | E29: -13 | F29: 3.8 out of 5
A30: 52 Pieces Cake Decorating Tool Set Gift Kit Baking Supplies | B30: KSh 1,758 | C30: KSh 2,499 | D30: 0.3 | E30: -20 | F30: 4.1 out of 5
A31: MultiFunctional Storage Rack Multi-layer Bookshelf | B31: KSh 2,200 | C31: KSh 4,080 | D31: 0.46
A32: Exfoliate And Exfoliate Face Towel - Black | B32: KSh 185 | C32: KSh 382 | D32: 0.52 | E32: -9 | F32: 4.3 out of 5
A33: 12 Litre Insulated Lunch Box Grey | B33: KSh 980 | C33: KSh 1,490 | D33: 0.34 | E33: -12 | F33: 4.7 out of 5
A34: LED Eye Protection Desk Lamp , Study, Reading, USB Fan - Double Pen Holder | B34: KSh 1,820 | C34: KSh 3,490 | D34: 0.48 | E34: -9 | F34: 4.3 out of 5
A35: 53Pcs/Set Yarn Knitting Crochet Hooks With Bag - Fortune Cat | B35: KSh 1,940 | C35: KSh 2,650 | D35: 0.27 | E35: -20 | F35: 4.7 out of 5
A36: 53 Pieces/Set Yarn Knitting Crochet Hooks With Bag - Pansies | B36: KSh 1,980 | C36: KSh 2,699 | D36: 0.27 | E36: -32 | F36: 4.5 out of 5
A37: DIY File Folder, Office Drawer File Holder, Pen Holder, Desktop Storage Rack | B37: KSh 1,620 | C37: KSh 2,690 | D37: 0.4 | E37: -1 | F37: 5 out of 5
A38: Classic Black Cat Cotton Hemp Pillow Case For Home Car | B38: KSh 171 | C38: KSh 360 | D38: 0.53 | E38: -2 | F38: 5 out of 5
A39: Punch-free Great Load Bearing Bathroom Storage Rack Wall Shelf-White | B39: KSh 389 | C39: KSh 656 | D39: 0.41 | E39: -36 | F39: 4.3 out of 5
A40: 1/2/3 Seater Elastic Sofa Cover,Living Room/Home Decor Chair Cover-Grey | B40: KSh 1,620 - KSh 1,980 | C40: KSh 2,200 - KSh 3,200 | D40: 0.38 | E40: -2 | F40: 4.5 out of 5
A41: LASA Stainless Steel Double Wall Mount Soap Dispenser - 500ml | B41: KSh 2,750 | C41: KSh 4,471 | D41: 0.38
A42: 4M Float Switch Water Level Controller -Water Tank | B42: KSh 475 | C42: KSh 931 | D42: 0.49
A43: Modern Sofa Throw Pillow Cover-45x45cm-Blue&Red | B43: KSh 238 | C43: KSh 476 | D43: 0.5
A44: Balloon Insert, Birthday Party Balloon Set, PU Leather | B44: KSh 610 | C44: KSh 1,060 | D44: 0.42
A45: Balloon Insert, Birthday Party Balloon Set, PU Leather | B45: KSh 610 | C45: KSh 1,060 | D45: 0.42
A46: Shower Cap Wide Elastic Band Cover Reusable Bashroom Cap | B46: KSh 2,132 | C46: KSh 2,169 | D46: 0.02
A47: Christmas Elk Fence Yard Lawn Decorations Cute For Holidays | B47: KSh 999 | C47: KSh 2,000 | D47: 0.5
A48: 60W Hot Melt Glue Sprayer - Efficient And Stable Glue Dispensing | B48: KSh 1,190 | C48: KSh 1,785 | D48: 0.33
A49: Car Phone Charging Stand | B49: KSh 671 | C49: KSh 1,316 | D49: 0.49
A50: 2pcs Solar Street Light Flood Light Outdoor | B50: KSh 1,200 | C50: KSh 1,950 | D50: 0.38
A51: Creative Owl Shape Keychain Black | B51: KSh 199 | C51: KSh 504 | D51: 0.61
A52: Brush & Paintbrush Cleaning Tool Pink | B52: KSh 299 | C52: KSh 600 | D52: 0.5
... A61: Simple Metal Dog Art Sculpture Decoration For Home Office | B61: KSh 399 | C61: KSh 896 | D61: 0.55
A62: 5 Pieces/set Of Stainless Steel Induction Cooker Pots | B62: KSh 2,170 | C62: KSh 2,500 | D62: 0.13 | E62: -6 | F62: 2.5 out of 5
A63: Mythco 120COB Solar Wall Ligt With Motion Sensor And Remote Control 3 Modes | B63: KSh 458 | C63: KSh 986 | D63: 0.54 | E63: -10 | F63: 3 out of 5
A64: 5-PCS Stainless Steel Cooking Pot Set With Steamed Slices | B64: KSh 2,115 | C64: KSh 4,700 | D64: 0.55 | E64: -13 | F64: 2.1 out of 5
A65: 120W Cordless Vacuum Cleaners Handheld Electric Vacuum Cleaner | B65: KSh 445 | C65: KSh 873 | D65: 0.49 | E65: -69 | F65: 2.8 out of 5
A66: Intelligent LED Body Sensor Wireless Lighting Night Light USB | B66: KSh 325 | C66: KSh 680 | D66: 0.52 | E66: -15 | F66: 2.7 out of 5
A67: VIC Wireless Vacuum Cleaner Dual Use For Home And Car 120W High Power Powerful | B67: KSh 1,220 | C67: KSh 1,555 | D67: 0.22 | E67: -16 | F67: 2.9 out of 5
A68: Artificial Potted Flowers Room Decorative Flowers (2 Pieces) | B68: KSh 990 | C68: KSh 1,814 | D68: 0.45 | E68: -6 | F68: 2.2 out of 5
A69: 380ML USB Rechargeable Portable Small Blenders And Juicers | B69: KSh 1,000 | C69: KSh 2,000 | D69: 0.5 | E69: -7 | F69: 2.3 out of 5
A70: 32PCS Portable Cordless Drill Set With Cyclic Battery Drive -26 Variable Speed | B70: KSh 3,750 | C70: KSh 6,143 | D70: 0.39 | E70: -5 | F70: 3 out of 5
A71: Agapeon Toothbrush Holder And Toothpaste Dispenser | B71: KSh 382 | C71: KSh 700 | D71: 0.45 | E71: -17 | F71: 2.6 out of 5
A72: Large Lazy Inflatable Sofa Chairs PVC Lounger Seat Bag | B72: KSh 2,300 | C72: KSh 3,240 | D72: 0.29 | E72: -5 | F72: 3 out of 5
A73: Watercolour Gold Foil Textured Print Pillow Cover | B73: KSh 345 | C73: KSh 602 | D73: 0.43 | E73: -6 | F73: 2.3 out of 5
... A76: Electric LED UV Mosquito Killer Lamp, Outdoor/Indoor Fly Killer Trap Light -USB | B76: KSh 1,570 | C76: KSh 2,988 | D76: 0.47 | E76: -7 | F76: 2.1 out of 5
A77: 2PCS/LOT Solar LED Outdoor Intelligent Light Controlled Wall Lamp | B77: KSh 790 | C77: KSh 1,485 | D77: 0.47
A78: 3PCS Rotary Scraper Thermomix For Kitchen | B78: KSh 690 | C78: KSh 1,200 | D78: 0.43
A79: Cushion Silicone Butt Cushion Summer Ice Cushion Honeycomb Gel Cushion | B79: KSh 1,732 | C79: KSh 1,799 | D79: 0.04
A80: 7PCS Silicone Thumb Knife Finger Protector Vegetable Harvesting Knife | B80: KSh 230 | C80: KSh 450 | D80: 0.49
A81: Memory Foam Neck Pillow Cover, With Pillow Core - 50*30cm | B81: KSh 1,189 | C81: KSh 2,199 | D81: 0.46 | E81: -1 | F81: 3 out of 5
A82: Bedroom Simple Floor Hanging Clothes Rack Single Pole Hat Rack - White | B82: KSh 979 | C82: KSh 1,920 | D82: 0.49 | E82: -1 | F82: 5 out of 5
A83: 5m Waterproof Spherical LED String Lights Outdoor Ball Chain Lights Party Lighting Decoration Adjustable | B83: KSh 1,460 | C83: KSh 2,290 | D83: 0.36
A84: 2 Pairs Cowhide Split Leather Work Gloves.32â„‰ Or Above Welding Gloves | B84: KSh 1,666 | C84: KSh 1,699 | D84: 0.02
A85: Household Pineapple Peeler Peeler | B85: KSh 330 | C85: KSh 647 | D85: 0.49 | E85: -1 | F85: 4 out of 5
A86: Balloon Insert, Birthday Party Balloon Set, PU Leather | B86: KSh 610 | C86: KSh 1,060 | D86: 0.42
A87: Creative Owl Shape Keychain Black | B87: KSh 176 | C87: KSh 345 | D87: 0.49
A88: Office Chair Lumbar Back Support Spine Posture Correction Pillow Car Cushion | B88: KSh 1,466 | C88: KSh 1,699 | D88: 0.14
A89: Cartoon Car Decoration Cute Individuality For Car Home Desk | B89: KSh 274 | C89: KSh 537 | D89: 0.49
A90: Outdoor Portable Water Bottle With Medicine Box - 600ML - Black | B90: KSh 799 | C90: KSh 900 | D90: 0.11
A91: Angle Measuring Tool Full Metal Multi Angle Measuring Tool | B91: KSh 657 | C91: KSh 1,288 | D91: 0.49
A92: Wall-Mounted Toothbrush Toothpaste Holder With Multiple Slots | B92: KSh 1,468 | C92: KSh 1,699 | D92: 0.14
A93: Multifunctional Hanging Storage Box Storage Bag (4 Layers) | B93: KSh 630 | C93: KSh 1,100 | D93: 0.43
A94: Wall Clock With Hidden Safe Box | B94: KSh 850 | C94: KSh 1,700 | D94: 0.5
A95: Portable Wine Table With Folding Round Table | B95: KSh 1,300 | C95: KSh 2,500 | D95: 0.48
A96: Sewing Machine Needle Threader Stitch Insertion Tool Automatic Quick Sewing | B96: KSh 105 | C96: KSh 200 | D96: 0.48
A97: 6 Layers Steel Pipe Assembling Dustproof Storage Shoe Cabinet | B97: KSh 899 | C97: KSh 1,699 | D97: 0.47
... A105: 8in1 Screwdriver With LED Light | B105: KSh 1,080 | C105: KSh 1,874 | D105: 0.42
A106: Konka Healty Electric Kettle, 24-hour Heat Preservation,1.5L,800W, White | B106: KSh 3,640 | C106: KSh 4,588 | D106: 0.21 | E106: -1 | F106: 5 out of 5
A107: 9pcs Gas Mask, For Painting, Dust, Formaldehyde Grinding, Polishing | B107: KSh 1,420 | C107: KSh 2,420 | D107: 0.41
A108: 24 Grid Wall-mounted Sundries Organiser Fabric Closet Bag Storage Rack | B108: KSh 1,875 | C108: KSh 1,899 | D108: 0.01
A109: 1PC Refrigerator Food Seal Pocket Fridge Bags | B109: KSh 198 | C109: KSh 260 | D109: 0.24
A110: LED Solar Street Light-fake Camera | B110: KSh 1,150 | C110: KSh 1,737 | D110: 0.34
A111: Cartoon Embroidered Mini Towel Bear Cotton Wash Cloth Hand 4pcs | B111: KSh 1,190 | C111: KSh 1,810 | D111: 0.34
A112: Shower Nozzle Cleaning Unclogging Needle Mini Crevice Small Hole Cleaning Brush | B112: KSh 1,658 | C112: KSh 1,699 | D112: 0.02
A113: Thickening Multipurpose Non Stick Easy To Clean Heat Resistant Spoon Pad | B113: KSh 1,768 | C113: KSh 1,799 | D113: 0.02
A114: 6 In 1 Bottle Can Opener Multifunctional Easy Opener | B114: KSh 199 | C114: KSh 553 | D114: 0.64
A115: Wall-mounted Sticker Punch-free Plug Fixer | B115: KSh 450 | C115: KSh 900 | D115: 0.5 | E115: -1 | F115: 2 out of 5
A116: Black Simple Water Cup Wine Coaster Anti Slip Absorbent | B116: KSh 169 | C116: KSh 320 | D116: 0.47

Sheet data_quality_audit
C3: Source Row Count = 115 | G3: Discounts outside 0%-100% = | M3: duplicate count and the fields used to identify duplicates;
C4: Source Column Count = 6 | G4: Negative review counts = 57 | I4: Review entries contain negative signs (e.g., -2.0), resulting from web-scraping artifacts.
G5: Current price greater than Old prices =
C6: Source Blank Count by Column | G6: Ratings Outside 0-5 =
C7: Product | D7: 0
C8: Current Price | D8: 0 | G8: Duplicate Counts
C9: Old Price | D9: 0 | G9: Product | H9: 6
C10: Discount | D10: 0 | G10: Current Price | H10: 12
C11: Review | D11: 58 | G11: Old Price | H11: 22
C12: Ratingd | D12: 58 | G12: Discount | H12: 69
C13: formula used = COUNT(range) | G13: Review | H13: 91
G14: Ratingd | H14: 92
C15: Non Numeric Values
C16: Prices | G16: Price Ranges
C17: Reviews | G17: Current Price | H17: KSh 1,620 - KSh 1,980 | K17: Product row 39 contains price ranges (KSh 1,620 - KSh 1,980 and KSh 2,200 - KSh 3,200).
C18: Discounts | G18: Old Price | H18: KSh 2,200 - KSh 3,200
C19: Ratings
C21: Duplicates: 3 full duplicate rows identified

Sheet Cleaned_Data
A1: Product | B1: Current Price | C1: Old Price | D1: Discount | E1: Review | F1: Rating
A2: 115 Piece Set Of Multifunctional Precision Screwdrivers | B2: 950 | C2: 1525 | D2: 0.38 | E2: 2 | F2: 4.5
A3: Metal Decorative Hooks Key Hangers Entryway Wall Hooks Towel Hooks - Home | B3: 527 | C3: 999 | D3: 0.47 | E3: 14 | F3: 4.1
A4: Portable Mini Cordless Car Vacuum Cleaner - Blue | B4: 2199 | C4: 2923 | D4: 0.25 | E4: 24 | F4: 4.6
A5: Weighing Scale Digital Bathroom Body Fat Scale USB-Black | B5: 1580 | C5: 2499 | D5: 0.37 | E5: 7 | F5: 4.7
A6: Portable Home Small Air Humidifier 3-Speed Fan - Green | B6: 1740 | C6: 2356 | D6: 0.26 | E6: 5 | F6: 4.8
A7: 220V 60W Electric Soldering Iron Kits With Tools, Tips, And Multimeter | B7: 2999 | C7: 3290 | D7: 0.09 | E7: 15 | F7: 4
A8: 137 Pieces Cake Decorating Tool Set Baking Supplies | B8: 2319 | C8: 3032 | D8: 0.24 | E8: 55 | F8: 4.6
A9: Desk Foldable Fan Adjustable Fan Strong Wind 3 Gear Usb | B9: 988 | C9: 1580 | D9: 0.37 | E9: 2 | F9: 4
A10: LASA FOLDING TABLE SERVING STAND | B10: 1274 | C10: 2800 | D10: 0.55 | E10: 5 | F10: 4.8
A11: 13 In 1 Home Repair Tools Box Kit Set | B11: 1600 | C11: 2929 | D11: 0.45 | E11: 5 | F11: 3.8
A12: Genebre 115 In 1 Screwdriver Repairing Tool Set For IPhone Cellphone Hand Tool | B12: 799 | C12: 999 | D12: 0.2 | E12: 12 | F12: 4.1
A13: 100 Pcs Crochet Hook Tool Set Knitting Hook Set With Box | B13: 990 | C13: 1500 | D13: 0.34 | E13: 39 | F13: 4.7
... A22: 3PCS Single Head Knitting Crochet Sweater Needle Set | B22: 38 | C22: 80 | D22: 0.53 | E22: 13 | F22: 3.3
A23: 4pcs Bathroom/Kitchen Towel Rack,Roll Paper Holder,Towel Bars,Hook | B23: 1860 | C23: 3220 | D23: 0.42
A24: LED Romantic Spaceship Starry Sky Projector,Children's Bedroom Night Light-Blue | B24: 880 | C24: 1350 | D24: 0.35 | E24: 6 | F24: 4
A25: Foldable Overbed Table/Desk | B25: 1650 | C25: 2150 | D25: 0.23 | E25: 14 | F25: 4.4
A26: LASA 3 Tier Bamboo Shoe Bench Storage Shelf | B26: 2048 | C26: 4500 | D26: 0.54 | E26: 7 | F26: 4.3
A27: Electronic Digital Display Vernier Caliper | B27: 420 | C27: 647 | D27: 0.35 | E27: 49 | F27: 4.6
A28: Portable Wardrobe Nonwoven With 3 Hanging Rods And 6 Storage Shelves | B28: 2880 | C28: 3520 | D28: 0.18 | E28: 12 | F28: 3.8
A29: 12 Litre Black Insulated Lunch Box | B29: 1350 | C29: 1990 | D29: 0.32 | E29: 13 | F29: 3.8
A30: 52 Pieces Cake Decorating Tool Set Gift Kit Baking Supplies | B30: 1758 | C30: 2499 | D30: 0.3 | E30: 20 | F30: 4.1
A31: MultiFunctional Storage Rack Multi-layer Bookshelf | B31: 2200 | C31: 4080 | D31: 0.46
A32: Exfoliate And Exfoliate Face Towel - Black | B32: 185 | C32: 382 | D32: 0.52 | E32: 9 | F32: 4.3
A33: 12 Litre Insulated Lunch Box Grey | B33: 980 | C33: 1490 | D33: 0.34 | E33: 12 | F33: 4.7
A34: LED Eye Protection Desk Lamp , Study, Reading, USB Fan - Double Pen Holder | B34: 1820 | C34: 3490 | D34: 0.48 | E34: 9 | F34: 4.3
A35: 53Pcs/Set Yarn Knitting Crochet Hooks With Bag - Fortune Cat | B35: 1940 | C35: 2650 | D35: 0.27 | E35: 20 | F35: 4.7
A36: 53 Pieces/Set Yarn Knitting Crochet Hooks With Bag - Pansies | B36: 1980 | C36: 2699 | D36: 0.27 | E36: 32 | F36: 4.5
A37: DIY File Folder, Office Drawer File Holder, Pen Holder, Desktop Storage Rack | B37: 1620 | C37: 2690 | D37: 0.4 | E37: 1 | F37: 5
A38: Classic Black Cat Cotton Hemp Pillow Case For Home Car | B38: 171 | C38: 360 | D38: 0.53 | E38: 2 | F38: 5
A39: Punch-free Great Load Bearing Bathroom Storage Rack Wall Shelf-White | B39: 389 | C39: 656 | D39: 0.41 | E39: 36 | F39: 4.3
A40: 1/2/3 Seater Elastic Sofa Cover,Living Room/Home Decor Chair Cover-Grey | B40: 1800 | C40: 2700 | D40: 0.38 | E40: 2 | F40: 4.5
A41: LASA Stainless Steel Double Wall Mount Soap Dispenser - 500ml | B41: 2750 | C41: 4471 | D41: 0.38
A42: 4M Float Switch Water Level Controller -Water Tank | B42: 475 | C42: 931 | D42: 0.49
A43: Modern Sofa Throw Pillow Cover-45x45cm-Blue&Red | B43: 238 | C43: 476 | D43: 0.5
A44: Balloon Insert, Birthday Party Balloon Set, PU Leather | B44: 610 | C44: 1060 | D44: 0.42
A45: Shower Cap Wide Elastic Band Cover Reusable Bashroom Cap | B45: 2132 | C45: 2169 | D45: 0.02
A46: Christmas Elk Fence Yard Lawn Decorations Cute For Holidays | B46: 999 | C46: 2000 | D46: 0.5
A47: 60W Hot Melt Glue Sprayer - Efficient And Stable Glue Dispensing | B47: 1190 | C47: 1785 | D47: 0.33
A48: Car Phone Charging Stand | B48: 671 | C48: 1316 | D48: 0.49
A49: 2pcs Solar Street Light Flood Light Outdoor | B49: 1200 | C49: 1950 | D49: 0.38
A50: Creative Owl Shape Keychain Black | B50: 199 | C50: 504 | D50: 0.61
A51: Brush & Paintbrush Cleaning Tool Pink | B51: 299 | C51: 600 | D51: 0.5
A52: Pen Grips For Kids Pen Grip Posture Correction Tool For Kids | B52: 1660 | C52: 1699 | D52: 0.02
... A60: Simple Metal Dog Art Sculpture Decoration For Home Office | B60: 399 | C60: 896 | D60: 0.55
A61: 5 Pieces/set Of Stainless Steel Induction Cooker Pots | B61: 2170 | C61: 2500 | D61: 0.13 | E61: 6 | F61: 2.5
A62: Mythco 120COB Solar Wall Ligt With Motion Sensor And Remote Control 3 Modes | B62: 458 | C62: 986 | D62: 0.54 | E62: 10 | F62: 3
A63: 5-PCS Stainless Steel Cooking Pot Set With Steamed Slices | B63: 2115 | C63: 4700 | D63: 0.55 | E63: 13 | F63: 2.1
A64: 120W Cordless Vacuum Cleaners Handheld Electric Vacuum Cleaner | B64: 445 | C64: 873 | D64: 0.49 | E64: 69 | F64: 2.8
A65: Intelligent LED Body Sensor Wireless Lighting Night Light USB | B65: 325 | C65: 680 | D65: 0.52 | E65: 15 | F65: 2.7
A66: VIC Wireless Vacuum Cleaner Dual Use For Home And Car 120W High Power Powerful | B66: 1220 | C66: 1555 | D66: 0.22 | E66: 16 | F66: 2.9
A67: Artificial Potted Flowers Room Decorative Flowers (2 Pieces) | B67: 990 | C67: 1814 | D67: 0.45 | E67: 6 | F67: 2.2
A68: 380ML USB Rechargeable Portable Small Blenders And Juicers | B68: 1000 | C68: 2000 | D68: 0.5 | E68: 7 | F68: 2.3
A69: 32PCS Portable Cordless Drill Set With Cyclic Battery Drive -26 Variable Speed | B69: 3750 | C69: 6143 | D69: 0.39 | E69: 5 | F69: 3
A70: Agapeon Toothbrush Holder And Toothpaste Dispenser | B70: 382 | C70: 700 | D70: 0.45 | E70: 17 | F70: 2.6
A71: Large Lazy Inflatable Sofa Chairs PVC Lounger Seat Bag | B71: 2300 | C71: 3240 | D71: 0.29 | E71: 5 | F71: 3
A72: Watercolour Gold Foil Textured Print Pillow Cover | B72: 345 | C72: 602 | D72: 0.43 | E72: 6 | F72: 2.3
... A75: Electric LED UV Mosquito Killer Lamp, Outdoor/Indoor Fly Killer Trap Light -USB | B75: 1570 | C75: 2988 | D75: 0.47 | E75: 7 | F75: 2.1
A76: 2PCS/LOT Solar LED Outdoor Intelligent Light Controlled Wall Lamp | B76: 790 | C76: 1485 | D76: 0.47
A77: 3PCS Rotary Scraper Thermomix For Kitchen | B77: 690 | C77: 1200 | D77: 0.43
A78: Cushion Silicone Butt Cushion Summer Ice Cushion Honeycomb Gel Cushion | B78: 1732 | C78: 1799 | D78: 0.04
A79: 7PCS Silicone Thumb Knife Finger Protector Vegetable Harvesting Knife | B79: 230 | C79: 450 | D79: 0.49
A80: Memory Foam Neck Pillow Cover, With Pillow Core - 50*30cm | B80: 1189 | C80: 2199 | D80: 0.46 | E80: 1 | F80: 3
A81: Bedroom Simple Floor Hanging Clothes Rack Single Pole Hat Rack - White | B81: 979 | C81: 1920 | D81: 0.49 | E81: 1 | F81: 5
A82: 5m Waterproof Spherical LED String Lights Outdoor Ball Chain Lights Party Lighting Decoration Adjustable | B82: 1460 | C82: 2290 | D82: 0.36
A83: 2 Pairs Cowhide Split Leather Work Gloves.32â„‰ Or Above Welding Gloves | B83: 1666 | C83: 1699 | D83: 0.02
A84: Household Pineapple Peeler Peeler | B84: 330 | C84: 647 | D84: 0.49 | E84: 1 | F84: 4
A85: Creative Owl Shape Keychain Black | B85: 176 | C85: 345 | D85: 0.49
A86: Office Chair Lumbar Back Support Spine Posture Correction Pillow Car Cushion | B86: 1466 | C86: 1699 | D86: 0.14
A87: Cartoon Car Decoration Cute Individuality For Car Home Desk | B87: 274 | C87: 537 | D87: 0.49
A88: Outdoor Portable Water Bottle With Medicine Box - 600ML - Black | B88: 799 | C88: 900 | D88: 0.11
A89: Angle Measuring Tool Full Metal Multi Angle Measuring Tool | B89: 657 | C89: 1288 | D89: 0.49
A90: Wall-Mounted Toothbrush Toothpaste Holder With Multiple Slots | B90: 1468 | C90: 1699 | D90: 0.14
A91: Multifunctional Hanging Storage Box Storage Bag (4 Layers) | B91: 630 | C91: 1100 | D91: 0.43
A92: Wall Clock With Hidden Safe Box | B92: 850 | C92: 1700 | D92: 0.5
A93: Portable Wine Table With Folding Round Table | B93: 1300 | C93: 2500 | D93: 0.48
A94: Sewing Machine Needle Threader Stitch Insertion Tool Automatic Quick Sewing | B94: 105 | C94: 200 | D94: 0.48
A95: 6 Layers Steel Pipe Assembling Dustproof Storage Shoe Cabinet | B95: 899 | C95: 1699 | D95: 0.47
A96: 2PCS Ice Silk Square Cushion Cover Pillowcases - 65x65cm | B96: 1200 | C96: 2400 | D96: 0.5
... A102: 8in1 Screwdriver With LED Light | B102: 1080 | C102: 1874 | D102: 0.42
A103: Konka Healty Electric Kettle, 24-hour Heat Preservation,1.5L,800W, White | B103: 3640 | C103: 4588 | D103: 0.21 | E103: 1 | F103: 5
A104: 9pcs Gas Mask, For Painting, Dust, Formaldehyde Grinding, Polishing | B104: 1420 | C104: 2420 | D104: 0.41
A105: 24 Grid Wall-mounted Sundries Organiser Fabric Closet Bag Storage Rack | B105: 1875 | C105: 1899 | D105: 0.01
A106: 1PC Refrigerator Food Seal Pocket Fridge Bags | B106: 198 | C106: 260 | D106: 0.24
A107: LED Solar Street Light-fake Camera | B107: 1150 | C107: 1737 | D107: 0.34
A108: Cartoon Embroidered Mini Towel Bear Cotton Wash Cloth Hand 4pcs | B108: 1190 | C108: 1810 | D108: 0.34
A109: Shower Nozzle Cleaning Unclogging Needle Mini Crevice Small Hole Cleaning Brush | B109: 1658 | C109: 1699 | D109: 0.02
A110: Thickening Multipurpose Non Stick Easy To Clean Heat Resistant Spoon Pad | B110: 1768 | C110: 1799 | D110: 0.02
A111: 6 In 1 Bottle Can Opener Multifunctional Easy Opener | B111: 199 | C111: 553 | D111: 0.64
A112: Wall-mounted Sticker Punch-free Plug Fixer | B112: 450 | C112: 900 | D112: 0.5 | E112: 1 | F112: 2
A113: Black Simple Water Cup Wine Coaster Anti Slip Absorbent | B113: 169 | C113: 320 | D113: 0.47

Sheet tblProducts
A1: Product | B1: Current Price | C1: Price Category | D1: Old Price | E1: Discount | F1: Discount Category | G1: Discount Amount | H1: Review | I1: Rating | J1: Rating Category | K1: Validation Check
A2: 115 Piece Set Of Multifunctional Precision Screwdrivers | B2: 950 | C2: =IF(Table3[[#This Row],[Current Price]]="","Missing",IF(Table3[[#This Row],[Current Price]]<=Price_Q1,"Low Price",IF(Table3[[#This Row],[Current Price]]<=Price_Q3,"Medium Price","High Price"))) -> Medium Price | D2: 1525 | E2: 0.38 | F2: =IF(Table3[[#This Row],[Discount]]="","Missing",IF(Table3[[#This Row],[Discount]]<0.2,"Low Discount",IF(Table3[[#This Row],[Discount]]<=0.4,"Medium Discount","High Discount"))) -> Medium Discount | G2: =Table3[[#This Row],[Old Price]]-Table3[[#This Row],[Current Price]] -> 575 | H2: 2 | I2: 4.5 | J2: =IF(Table3[[#This Row],[Rating]]="","Missing",IF(Table3[[#This Row],[Rating]]<3,"Poor",IF(Table3[[#This Row],[Rating]]<=4.5,"Average","Excellent"))) -> Average | K2: =IF(OR(Table3[[#This Row],[Rating]]<0,Table3[[#This Row],[Rating]]>5),"Check rating",IF(OR(Table3[[#This Row],[Discount]]<0,Table3[[#This Row],[Discount]]>1),"Check discount",IF(Table3[[#This Row],[Current Price]]>Table3[[#This Row],[Old Price]],"Check prices","OK"))) -> OK
A3: Metal Decorative Hooks Key Hangers Entryway Wall Hooks Towel Hooks - Home | B3: 527 | C3: =IF(Table3[[#This Row],[Current Price]]="","Missing",IF(Table3[[#This Row],[Current Price]]<=Price_Q1,"Low Price",IF(Table3[[#This Row],[Current Price]]<=Price_Q3,"Medium Price","High Price"))) -> Medium Price | D3: 999 | E3: 0.47 | F3: =IF(Table3[[#This Row],[Discount]]="","Missing",IF(Table3[[#This Row],[Discount]]<0.2,"Low Discount",IF(Table3[[#This Row],[Discount]]<=0.4,"Medium Discount","High Discount"))) -> High Discount | G3: =Table3[[#This Row],[Old Price]]-Table3[[#This Row],[Current Price]] -> 472 | H3: 14 | I3: 4.1 | J3: =IF(Table3[[#This Row],[Rating]]="","Missing",IF(Table3[[#This Row],[Rating]]<3,"Poor",IF(Table3[[#This Row],[Rating]]<=4.5,"Average","Excellent"))) -> Average | K3: =IF(OR(Table3[[#This Row],[Rating]]<0,Table3[[#This Row],[Rating]]>5),"Check rating",IF(OR(Table3[[#This Row],[Discount]]<0,Table3[[#This Row],[Discount]]>1),"Check discount",IF(Table3[[#This Row],[Current Price]]>Table3[[#This Row],[Old Price]],"Check prices","OK"))) -> OK
A4: Portable Mini Cordless Car Vacuum Cleaner - Blue | B4: 2199 | C4: =IF(Table3[[#This Row],[Current Price]]="","Missing",IF(Table3[[#This Row],[Current Price]]<=Price_Q1,"Low Price",IF(Table3[[#This Row],[Current Price]]<=Price_Q3,"Medium Price","High Price"))) -> High Price | D4: 2923 | E4: 0.25 | F4: =IF(Table3[[#This Row],[Discount]]="","Missing",IF(Table3[[#This Row],[Discount]]<0.2,"Low Discount",IF(Table3[[#This Row],[Discount]]<=0.4,"Medium Discount","High Discount"))) -> Medium Discount | G4: =Table3[[#This Row],[Old Price]]-Table3[[#This Row],[Current Price]] -> 724 | H4: 24 | I4: 4.6 | J4: =IF(Table3[[#This Row],[Rating]]="","Missing",IF(Table3[[#This Row],[Rating]]<3,"Poor",IF(Table3[[#This Row],[Rating]]<=4.5,"Average","Excellent"))) -> Excellent | K4: =IF(OR(Table3[[#This Row],[Rating]]<0,Table3[[#This Row],[Rating]]>5),"Check rating",IF(OR(Table3[[#This Row],[Discount]]<0,Table3[[#This Row],[Discount]]>1),"Check discount",IF(Table3[[#This Row],[Current Price]]>Table3[[#This Row],[Old Price]],"Check prices","OK"))) -> OK
A5: Weighing Scale Digital Bathroom Body Fat Scale USB-Black | B5: 1580 | C5: =IF(Table3[[#This Row],[Current Price]]="","Missing",IF(Table3[[#This Row],[Current Price]]<=Price_Q1,"Low Price",IF(Table3[[#This Row],[Current Price]]<=Price_Q3,"Medium Price","High Price"))) -> Medium Price | D5: 2499 | E5: 0.37 | F5: =IF(Table3[[#This Row],[Discount]]="","Missing",IF(Table3[[#This Row],[Discount]]<0.2,"Low Discount",IF(Table3[[#This Row],[Discount]]<=0.4,"Medium Discount","High Discount"))) -> Medium Discount | G5: =Table3[[#This Row],[Old Price]]-Table3[[#This Row],[Current Price]] -> 919 | H5: 7 | I5: 4.7 | J5: =IF(Table3[[#This Row],[Rating]]="","Missing",IF(Table3[[#This Row],[Rating]]<3,"Poor",IF(Table3[[#This Row],[Rating]]<=4.5,"Average","Excellent"))) -> Excellent | K5: =IF(OR(Table3[[#This Row],[Rating]]<0,Table3[[#This Row],[Rating]]>5),"Check rating",IF(OR(Table3[[#This Row],[Discount]]<0,Table3[[#This Row],[Discount]]>1),"Check discount",IF(Table3[[#This Row],[Current Price]]>Table3[[#This Row],[Old Price]],"Check prices","OK"))) -> OK
A6: Portable Home Small Air Humidifier 3-Speed Fan - Green | B6: 1740 | C6: =IF(Table3[[#This Row],[Current Price]]="","Missing",IF(Table3[[#This Row],[Current Price]]<=Price_Q1,"Low Price",IF(Table3[[#This Row],[Current Price]]<=Price_Q3,"Medium Price","High Price"))) -> High Price | D6: 2356 | E6: 0.26 | F6: =IF(Table3[[#This Row],[Discount]]="","Missing",IF(Table3[[#This Row],[Discount]]<0.2,"Low Discount",IF(Table3[[#This Row],[Discount]]<=0.4,"Medium Discount","High Discount"))) -> Medium Discount | G6: =Table3[[#This Row],[Old Price]]-Table3[[#This Row],[Current Price]] -> 616 | H6: 5 | I6: 4.8 | J6: =IF(Table3[[#This Row],[Rating]]="","Missing",IF(Table3[[#This Row],[Rating]]<3,"Poor",IF(Table3[[#This Row],[Rating]]<=4.5,"Average","Excellent"))) -> Excellent | K6: =IF(OR(Table3[[#This Row],[Rating]]<0,Table3[[#This Row],[Rating]]>5),"Check rating",IF(OR(Table3[[#This Row],[Discount]]<0,Table3[[#This Row],[Discount]]>1),"Check discount",IF(Table3[[#This Row],[Current Price]]>Table3[[#This Row],[Old Price]],"Check prices","OK"))) -> OK
A7: 220V 60W Electric Soldering Iron Kits With Tools, Tips, And Multimeter | B7: 2999 | C7: =IF(Table3[[#This Row],[Current Price]]="","Missing",IF(Table3[[#This Row],[Current Price]]<=Price_Q1,"Low Price",IF(Table3[[#This Row],[Current Price]]<=Price_Q3,"Medium Price","High Price"))) -> High Price | D7: 3290 | E7: 0.09 | F7: =IF(Table3[[#This Row],[Discount]]="","Missing",IF(Table3[[#This Row],[Discount]]<0.2,"Low Discount",IF(Table3[[#This Row],[Discount]]<=0.4,"Medium Discount","High Discount"))) -> Low Discount | G7: =Table3[[#This Row],[Old Price]]-Table3[[#This Row],[Current Price]] -> 291 | H7: 15 | I7: 4 | J7: =IF(Table3[[#This Row],[Rating]]="","Missing",IF(Table3[[#This Row],[Rating]]<3,"Poor",IF(Table3[[#This Row],[Rating]]<=4.5,"Average","Excellent"))) -> Average | K7: =IF(OR(Table3[[#This Row],[Rating]]<0,Table3[[#This Row],[Rating]]>5),"Check rating",IF(OR(Table3[[#This Row],[Discount]]<0,Table3[[#This Row],[Discount]]>1),"Check discount",IF(Table3[[#This Row],[Current Price]]>Table3[[#This Row],[Old Price]],"Check prices","OK"))) -> OK
A8: 137 Pieces Cake Decorating Tool Set Baking Supplies | B8: 2319 | C8: =IF(Table3[[#This Row],[Current Price]]="","Missing",IF(Table3[[#This Row],[Current Price]]<=Price_Q1,"Low Price",IF(Table3[[#This Row],[Current Price]]<=Price_Q3,"Medium Price","High Price"))) -> High Price | D8: 3032 | E8: 0.24 | F8: =IF(Table3[[#This Row],[Discount]]="","Missing",IF(Table3[[#This Row],[Discount]]<0.2,"Low Discount",IF(Table3[[#This Row],[Discount]]<=0.4,"Medium Discount","High Discount"))) -> Medium Discount | G8: =Table3[[#This Row],[Old Price]]-Table3[[#This Row],[Current Price]] -> 713 | H8: 55 | I8: 4.6 | J8: =IF(Table3[[#This Row],[Rating]]="","Missing",IF(Table3[[#This Row],[Rating]]<3,"Poor",IF(Table3[[#This Row],[Rating]]<=4.5,"Average","Excellent"))) -> Excellent | K8: =IF(OR(Table3[[#This Row],[Rating]]<0,Table3[[#This Row],[Rating]]>5),"Check rating",IF(OR(Table3[[#This Row],[Discount]]<0,Table3[[#This Row],[Discount]]>1),"Check discount",IF(Table3[[#This Row],[Current Price]]>Table3[[#This Row],[Old Price]],"Check prices","OK"))) -> OK
A9: Desk Foldable Fan Adjustable Fan Strong Wind 3 Gear Usb | B9: 988 | C9: =IF(Table3[[#This Row],[Current Price]]="","Missing",IF(Table3[[#This Row],[Current Price]]<=Price_Q1,"Low Price",IF(Table3[[#This Row],[Current Price]]<=Price_Q3,"Medium Price","High Price"))) -> Medium Price | D9: 1580 | E9: 0.37 | F9: =IF(Table3[[#This Row],[Discount]]="","Missing",IF(Table3[[#This Row],[Discount]]<0.2,"Low Discount",IF(Table3[[#This Row],[Discount]]<=0.4,"Medium Discount","High Discount"))) -> Medium Discount | G9: =Table3[[#This Row],[Old Price]]-Table3[[#This Row],[Current Price]] -> 592 | H9: 2 | I9: 4 | J9: =IF(Table3[[#This Row],[Rating]]="","Missing",IF(Table3[[#This Row],[Rating]]<3,"Poor",IF(Table3[[#This Row],[Rating]]<=4.5,"Average","Excellent"))) -> Average | K9: =IF(OR(Table3[[#This Row],[Rating]]<0,Table3[[#This Row],[Rating]]>5),"Check rating",IF(OR(Table3[[#This Row],[Discount]]<0,Table3[[#This Row],[Discount]]>1),"Check discount",IF(Table3[[#This Row],[Current Price]]>Table3[[#This Row],[Old Price]],"Check prices","OK"))) -> OK
A10: LASA FOLDING TABLE SERVING STAND | B10: 1274 | C10: =IF(Table3[[#This Row],[Current Price]]="","Missing",IF(Table3[[#This Row],[Current Price]]<=Price_Q1,"Low Price",IF(Table3[[#This Row],[Current Price]]<=Price_Q3,"Medium Price","High Price"))) -> Medium Price | D10: 2800 | E10: 0.55 | F10: =IF(Table3[[#This Row],[Discount]]="","Missing",IF(Table3[[#This Row],[Discount]]<0.2,"Low Discount",IF(Table3[[#This Row],[Discount]]<=0.4,"Medium Discount","High Discount"))) -> High Discount | G10: =Table3[[#This Row],[Old Price]]-Table3[[#This Row],[Current Price]] -> 1526 | H10: 5 | I10: 4.8 | J10: =IF(Table3[[#This Row],[Rating]]="","Missing",IF(Table3[[#This Row],[Rating]]<3,"Poor",IF(Table3[[#This Row],[Rating]]<=4.5,"Average","Excellent"))) -> Excellent | K10: =IF(OR(Table3[[#This Row],[Rating]]<0,Table3[[#This Row],[Rating]]>5),"Check rating",IF(OR(Table3[[#This Row],[Discount]]<0,Table3[[#This Row],[Discount]]>1),"Check discount",IF(Table3[[#This Row],[Current Price]]>Table3[[#This Row],[Old Price]],"Check prices","OK"))) -> OK
A11: 13 In 1 Home Repair Tools Box Kit Set | B11: 1600 | C11: =IF(Table3[[#This Row],[Current Price]]="","Missing",IF(Table3[[#This Row],[Current Price]]<=Price_Q1,"Low Price",IF(Table3[[#This Row],[Current Price]]<=Price_Q3,"Medium Price","High Price"))) -> Medium Price | D11: 2929 | E11: 0.45 | F11: =IF(Table3[[#This Row],[Discount]]="","Missing",IF(Table3[[#This Row],[Discount]]<0.2,"Low Discount",IF(Table3[[#This Row],[Discount]]<=0.4,"Medium Discount","High Discount"))) -> High Discount | G11: =Table3[[#This Row],[Old Price]]-Table3[[#This Row],[Current Price]] -> 1329 | H11: 5 | I11: 3.8 | J11: =IF(Table3[[#This Row],[Rating]]="","Missing",IF(Table3[[#This Row],[Rating]]<3,"Poor",IF(Table3[[#This Row],[Rating]]<=4.5,"Average","Excellent"))) -> Average | K11: =IF(OR(Table3[[#This Row],[Rating]]<0,Table3[[#This Row],[Rating]]>5),"Check rating",IF(OR(Table3[[#This Row],[Discount]]<0,Table3[[#This Row],[Discount]]>1),"Check discount",IF(Table3[[#This Row],[Current Price]]>Table3[[#This Row],[Old Price]],"Check prices","OK"))) -> OK
A12: Genebre 115 In 1 Screwdriver Repairing Tool Set For IPhone Cellphone Hand Tool | B12: 799 | C12: =IF(Table3[[#This Row],[Current Price]]="","Missing",IF(Table3[[#This Row],[Current Price]]<=Price_Q1,"Low Price",IF(Table3[[#This Row],[Current Price]]<=Price_Q3,"Medium Price","High Price"))) -> Medium Price | D12: 999 | E12: 0.2 | F12: =IF(Table3[[#This Row],[Discount]]="","Missing",IF(Table3[[#This Row],[Discount]]<0.2,"Low Discount",IF(Table3[[#This Row],[Discount]]<=0.4,"Medium Discount","High Discount"))) -> Medium Discount | G12: =Table3[[#This Row],[Old Price]]-Table3[[#This Row],[Current Price]] -> 200 | H12: 12 | I12: 4.1 | J12: =IF(Table3[[#This Row],[Rating]]="","Missing",IF(Table3[[#This Row],[Rating]]<3,"Poor",IF(Table3[[#This Row],[Rating]]<=4.5,"Average","Excellent"))) -> Average | K12: =IF(OR(Table3[[#This Row],[Rating]]<0,Table3[[#This Row],[Rating]]>5),"Check rating",IF(OR(Table3[[#This Row],[Discount]]<0,Table3[[#This Row],[Discount]]>1),"Check discount",IF(Table3[[#This Row],[Current Price]]>Table3[[#This Row],[Old Price]],"Check prices","OK"))) -> OK
A13: 100 Pcs Crochet Hook Tool Set Knitting Hook Set With Box | B13: 990 | C13: =IF(Table3[[#This Row],[Current Price]]="","Missing",IF(Table3[[#This Row],[Current Price]]<=Price_Q1,"Low Price",IF(Table3[[#This Row],[Current Price]]<=Price_Q3,"Medium Price","High Price"))) -> Medium Price | D13: 1500 | E13: 0.34 | F13: =IF(Table3[[#This Row],[Discount]]="","Missing",IF(Table3[[#This Row],[Discount]]<0.2,"Low Discount",IF(Table3[[#This Row],[Discount]]<=0.4,"Medium Discount","High Discount"))) -> Medium Discount | G13: =Table3[[#This Row],[Old Price]]-Table3[[#This Row],[Current Price]] -> 510 | H13: 39 | I13: 4.7 | J13: =IF(Table3[[#This Row],[Rating]]="","Missing",IF(Table3[[#This Row],[Rating]]<3,"Poor",IF(Table3[[#This Row],[Rating]]<=4.5,"Average","Excellent"))) -> Excellent | K13: =IF(OR(Table3[[#This Row],[Rating]]<0,Table3[[#This Row],[Rating]]>5),"Check rating",IF(OR(Table3[[#This Row],[Discount]]<0,Table3[[#This Row],[Discount]]>1),"Check discount",IF(Table3[[#This Row],[Current Price]]>Table3[[#This Row],[Old Price]],"Check prices","OK"))) -> OK
... A22: 3PCS Single Head Knitting Crochet Sweater Needle Set | B22: 38 | C22: =IF(Table3[[#This Row],[Current Price]]="","Missing",IF(Table3[[#This Row],[Current Price]]<=Price_Q1,"Low Price",IF(Table3[[#This Row],[Current Price]]<=Price_Q3,"Medium Price","High Price"))) -> Low Price | D22: 80 | E22: 0.53 | F22: =IF(Table3[[#This Row],[Discount]]="","Missing",IF(Table3[[#This Row],[Discount]]<0.2,"Low Discount",IF(Table3[[#This Row],[Discount]]<=0.4,"Medium Discount","High Discount"))) -> High Discount | G22: =Table3[[#This Row],[Old Price]]-Table3[[#This Row],[Current Price]] -> 42 | H22: 13 | I22: 3.3 | J22: =IF(Table3[[#This Row],[Rating]]="","Missing",IF(Table3[[#This Row],[Rating]]<3,"Poor",IF(Table3[[#This Row],[Rating]]<=4.5,"Average","Excellent"))) -> Average | K22: =IF(OR(Table3[[#This Row],[Rating]]<0,Table3[[#This Row],[Rating]]>5),"Check rating",IF(OR(Table3[[#This Row],[Discount]]<0,Table3[[#This Row],[Discount]]>1),"Check discount",IF(Table3[[#This Row],[Current Price]]>Table3[[#This Row],[Old Price]],"Check prices","OK"))) -> OK
A23: 4pcs Bathroom/Kitchen Towel Rack,Roll Paper Holder,Towel Bars,Hook | B23: 1860 | C23: =IF(Table3[[#This Row],[Current Price]]="","Missing",IF(Table3[[#This Row],[Current Price]]<=Price_Q1,"Low Price",IF(Table3[[#This Row],[Current Price]]<=Price_Q3,"Medium Price","High Price"))) -> High Price | D23: 3220 | E23: 0.42 | F23: =IF(Table3[[#This Row],[Discount]]="","Missing",IF(Table3[[#This Row],[Discount]]<0.2,"Low Discount",IF(Table3[[#This Row],[Discount]]<=0.4,"Medium Discount","High Discount"))) -> High Discount | G23: =Table3[[#This Row],[Old Price]]-Table3[[#This Row],[Current Price]] -> 1360 | J23: =IF(Table3[[#This Row],[Rating]]="","Missing",IF(Table3[[#This Row],[Rating]]<3,"Poor",IF(Table3[[#This Row],[Rating]]<=4.5,"Average","Excellent"))) -> Missing | K23: =IF(OR(Table3[[#This Row],[Rating]]<0,Table3[[#This Row],[Rating]]>5),"Check rating",IF(OR(Table3[[#This Row],[Discount]]<0,Table3[[#This Row],[Discount]]>1),"Check discount",IF(Table3[[#This Row],[Current Price]]>Table3[[#This Row],[Old Price]],"Check prices","OK"))) -> Check rating
A24: LED Romantic Spaceship Starry Sky Projector,Children's Bedroom Night Light-Blue | B24: 880 | C24: =IF(Table3[[#This Row],[Current Price]]="","Missing",IF(Table3[[#This Row],[Current Price]]<=Price_Q1,"Low Price",IF(Table3[[#This Row],[Current Price]]<=Price_Q3,"Medium Price","High Price"))) -> Medium Price | D24: 1350 | E24: 0.35 | F24: =IF(Table3[[#This Row],[Discount]]="","Missing",IF(Table3[[#This Row],[Discount]]<0.2,"Low Discount",IF(Table3[[#This Row],[Discount]]<=0.4,"Medium Discount","High Discount"))) -> Medium Discount | G24: =Table3[[#This Row],[Old Price]]-Table3[[#This Row],[Current Price]] -> 470 | H24: 6 | I24: 4 | J24: =IF(Table3[[#This Row],[Rating]]="","Missing",IF(Table3[[#This Row],[Rating]]<3,"Poor",IF(Table3[[#This Row],[Rating]]<=4.5,"Average","Excellent"))) -> Average | K24: =IF(OR(Table3[[#This Row],[Rating]]<0,Table3[[#This Row],[Rating]]>5),"Check rating",IF(OR(Table3[[#This Row],[Discount]]<0,Table3[[#This Row],[Discount]]>1),"Check discount",IF(Table3[[#This Row],[Current Price]]>Table3[[#This Row],[Old Price]],"Check prices","OK"))) -> OK
A25: Foldable Overbed Table/Desk | B25: 1650 | C25: =IF(Table3[[#This Row],[Current Price]]="","Missing",IF(Table3[[#This Row],[Current Price]]<=Price_Q1,"Low Price",IF(Table3[[#This Row],[Current Price]]<=Price_Q3,"Medium Price","High Price"))) -> Medium Price | D25: 2150 | E25: 0.23 | F25: =IF(Table3[[#This Row],[Discount]]="","Missing",IF(Table3[[#This Row],[Discount]]<0.2,"Low Discount",IF(Table3[[#This Row],[Discount]]<=0.4,"Medium Discount","High Discount"))) -> Medium Discount | G25: =Table3[[#This Row],[Old Price]]-Table3[[#This Row],[Current Price]] -> 500 | H25: 14 | I25: 4.4 | J25: =IF(Table3[[#This Row],[Rating]]="","Missing",IF(Table3[[#This Row],[Rating]]<3,"Poor",IF(Table3[[#This Row],[Rating]]<=4.5,"Average","Excellent"))) -> Average | K25: =IF(OR(Table3[[#This Row],[Rating]]<0,Table3[[#This Row],[Rating]]>5),"Check rating",IF(OR(Table3[[#This Row],[Discount]]<0,Table3[[#This Row],[Discount]]>1),"Check discount",IF(Table3[[#This Row],[Current Price]]>Table3[[#This Row],[Old Price]],"Check prices","OK"))) -> OK
A26: LASA 3 Tier Bamboo Shoe Bench Storage Shelf | B26: 2048 | C26: =IF(Table3[[#This Row],[Current Price]]="","Missing",IF(Table3[[#This Row],[Current Price]]<=Price_Q1,"Low Price",IF(Table3[[#This Row],[Current Price]]<=Price_Q3,"Medium Price","High Price"))) -> High Price | D26: 4500 | E26: 0.54 | F26: =IF(Table3[[#This Row],[Discount]]="","Missing",IF(Table3[[#This Row],[Discount]]<0.2,"Low Discount",IF(Table3[[#This Row],[Discount]]<=0.4,"Medium Discount","High Discount"))) -> High Discount | G26: =Table3[[#This Row],[Old Price]]-Table3[[#This Row],[Current Price]] -> 2452 | H26: 7 | I26: 4.3 | J26: =IF(Table3[[#This Row],[Rating]]="","Missing",IF(Table3[[#This Row],[Rating]]<3,"Poor",IF(Table3[[#This Row],[Rating]]<=4.5,"Average","Excellent"))) -> Average | K26: =IF(OR(Table3[[#This Row],[Rating]]<0,Table3[[#This Row],[Rating]]>5),"Check rating",IF(OR(Table3[[#This Row],[Discount]]<0,Table3[[#This Row],[Discount]]>1),"Check discount",IF(Table3[[#This Row],[Current Price]]>Table3[[#This Row],[Old Price]],"Check prices","OK"))) -> OK
A27: Electronic Digital Display Vernier Caliper | B27: 420 | C27: =IF(Table3[[#This Row],[Current Price]]="","Missing",IF(Table3[[#This Row],[Current Price]]<=Price_Q1,"Low Price",IF(Table3[[#This Row],[Current Price]]<=Price_Q3,"Medium Price","High Price"))) -> Low Price | D27: 647 | E27: 0.35 | F27: =IF(Table3[[#This Row],[Discount]]="","Missing",IF(Table3[[#This Row],[Discount]]<0.2,"Low Discount",IF(Table3[[#This Row],[Discount]]<=0.4,"Medium Discount","High Discount"))) -> Medium Discount | G27: =Table3[[#This Row],[Old Price]]-Table3[[#This Row],[Current Price]] -> 227 | H27: 49 | I27: 4.6 | J27: =IF(Table3[[#This Row],[Rating]]="","Missing",IF(Table3[[#This Row],[Rating]]<3,"Poor",IF(Table3[[#This Row],[Rating]]<=4.5,"Average","Excellent"))) -> Excellent | K27: =IF(OR(Table3[[#This Row],[Rating]]<0,Table3[[#This Row],[Rating]]>5),"Check rating",IF(OR(Table3[[#This Row],[Discount]]<0,Table3[[#This Row],[Discount]]>1),"Check discount",IF(Table3[[#This Row],[Current Price]]>Table3[[#This Row],[Old Price]],"Check prices","OK"))) -> OK
A28: Portable Wardrobe Nonwoven With 3 Hanging Rods And 6 Storage Shelves | B28: 2880 | C28: =IF(Table3[[#This Row],[Current Price]]="","Missing",IF(Table3[[#This Row],[Current Price]]<=Price_Q1,"Low Price",IF(Table3[[#This Row],[Current Price]]<=Price_Q3,"Medium Price","High Price"))) -> High Price | D28: 3520 | E28: 0.18 | F28: =IF(Table3[[#This Row],[Discount]]="","Missing",IF(Table3[[#This Row],[Discount]]<0.2,"Low Discount",IF(Table3[[#This Row],[Discount]]<=0.4,"Medium Discount","High Discount"))) -> Low Discount | G28: =Table3[[#This Row],[Old Price]]-Table3[[#This Row],[Current Price]] -> 640 | H28: 12 | I28: 3.8 | J28: =IF(Table3[[#This Row],[Rating]]="","Missing",IF(Table3[[#This Row],[Rating]]<3,"Poor",IF(Table3[[#This Row],[Rating]]<=4.5,"Average","Excellent"))) -> Average | K28: =IF(OR(Table3[[#This Row],[Rating]]<0,Table3[[#This Row],[Rating]]>5),"Check rating",IF(OR(Table3[[#This Row],[Discount]]<0,Table3[[#This Row],[Discount]]>1),"Check discount",IF(Table3[[#This Row],[Current Price]]>Table3[[#This Row],[Old Price]],"Check prices","OK"))) -> OK
A29: 12 Litre Black Insulated Lunch Box | B29: 1350 | C29: =IF(Table3[[#This Row],[Current Price]]="","Missing",IF(Table3[[#This Row],[Current Price]]<=Price_Q1,"Low Price",IF(Table3[[#This Row],[Current Price]]<=Price_Q3,"Medium Price","High Price"))) -> Medium Price | D29: 1990 | E29: 0.32 | F29: =IF(Table3[[#This Row],[Discount]]="","Missing",IF(Table3[[#This Row],[Discount]]<0.2,"Low Discount",IF(Table3[[#This Row],[Discount]]<=0.4,"Medium Discount","High Discount"))) -> Medium Discount | G29: =Table3[[#This Row],[Old Price]]-Table3[[#This Row],[Current Price]] -> 640 | H29: 13 | I29: 3.8 | J29: =IF(Table3[[#This Row],[Rating]]="","Missing",IF(Table3[[#This Row],[Rating]]<3,"Poor",IF(Table3[[#This Row],[Rating]]<=4.5,"Average","Excellent"))) -> Average | K29: =IF(OR(Table3[[#This Row],[Rating]]<0,Table3[[#This Row],[Rating]]>5),"Check rating",IF(OR(Table3[[#This Row],[Discount]]<0,Table3[[#This Row],[Discount]]>1),"Check discount",IF(Table3[[#This Row],[Current Price]]>Table3[[#This Row],[Old Price]],"Check prices","OK"))) -> OK
A30: 52 Pieces Cake Decorating Tool Set Gift Kit Baking Supplies | B30: 1758 | C30: =IF(Table3[[#This Row],[Current Price]]="","Missing",IF(Table3[[#This Row],[Current Price]]<=Price_Q1,"Low Price",IF(Table3[[#This Row],[Current Price]]<=Price_Q3,"Medium Price","High Price"))) -> High Price | D30: 2499 | E30: 0.3 | F30: =IF(Table3[[#This Row],[Discount]]="","Missing",IF(Table3[[#This Row],[Discount]]<0.2,"Low Discount",IF(Table3[[#This Row],[Discount]]<=0.4,"Medium Discount","High Discount"))) -> Medium Discount | G30: =Table3[[#This Row],[Old Price]]-Table3[[#This Row],[Current Price]] -> 741 | H30: 20 | I30: 4.1 | J30: =IF(Table3[[#This Row],[Rating]]="","Missing",IF(Table3[[#This Row],[Rating]]<3,"Poor",IF(Table3[[#This Row],[Rating]]<=4.5,"Average","Excellent"))) -> Average | K30: =IF(OR(Table3[[#This Row],[Rating]]<0,Table3[[#This Row],[Rating]]>5),"Check rating",IF(OR(Table3[[#This Row],[Discount]]<0,Table3[[#This Row],[Discount]]>1),"Check discount",IF(Table3[[#This Row],[Current Price]]>Table3[[#This Row],[Old Price]],"Check prices","OK"))) -> OK
A31: MultiFunctional Storage Rack Multi-layer Bookshelf | B31: 2200 | C31: =IF(Table3[[#This Row],[Current Price]]="","Missing",IF(Table3[[#This Row],[Current Price]]<=Price_Q1,"Low Price",IF(Table3[[#This Row],[Current Price]]<=Price_Q3,"Medium Price","High Price"))) -> High Price | D31: 4080 | E31: 0.46 | F31: =IF(Table3[[#This Row],[Discount]]="","Missing",IF(Table3[[#This Row],[Discount]]<0.2,"Low Discount",IF(Table3[[#This Row],[Discount]]<=0.4,"Medium Discount","High Discount"))) -> High Discount | G31: =Table3[[#This Row],[Old Price]]-Table3[[#This Row],[Current Price]] -> 1880 | J31: =IF(Table3[[#This Row],[Rating]]="","Missing",IF(Table3[[#This Row],[Rating]]<3,"Poor",IF(Table3[[#This Row],[Rating]]<=4.5,"Average","Excellent"))) -> Missing | K31: =IF(OR(Table3[[#This Row],[Rating]]<0,Table3[[#This Row],[Rating]]>5),"Check rating",IF(OR(Table3[[#This Row],[Discount]]<0,Table3[[#This Row],[Discount]]>1),"Check discount",IF(Table3[[#This Row],[Current Price]]>Table3[[#This Row],[Old Price]],"Check prices","OK"))) -> Check rating
A32: Exfoliate And Exfoliate Face Towel - Black | B32: 185 | C32: =IF(Table3[[#This Row],[Current Price]]="","Missing",IF(Table3[[#This Row],[Current Price]]<=Price_Q1,"Low Price",IF(Table3[[#This Row],[Current Price]]<=Price_Q3,"Medium Price","High Price"))) -> Low Price | D32: 382 | E32: 0.52 | F32: =IF(Table3[[#This Row],[Discount]]="","Missing",IF(Table3[[#This Row],[Discount]]<0.2,"Low Discount",IF(Table3[[#This Row],[Discount]]<=0.4,"Medium Discount","High Discount"))) -> High Discount | G32: =Table3[[#This Row],[Old Price]]-Table3[[#This Row],[Current Price]] -> 197 | H32: 9 | I32: 4.3 | J32: =IF(Table3[[#This Row],[Rating]]="","Missing",IF(Table3[[#This Row],[Rating]]<3,"Poor",IF(Table3[[#This Row],[Rating]]<=4.5,"Average","Excellent"))) -> Average | K32: =IF(OR(Table3[[#This Row],[Rating]]<0,Table3[[#This Row],[Rating]]>5),"Check rating",IF(OR(Table3[[#This Row],[Discount]]<0,Table3[[#This Row],[Discount]]>1),"Check discount",IF(Table3[[#This Row],[Current Price]]>Table3[[#This Row],[Old Price]],"Check prices","OK"))) -> OK
A33: 12 Litre Insulated Lunch Box Grey | B33: 980 | C33: =IF(Table3[[#This Row],[Current Price]]="","Missing",IF(Table3[[#This Row],[Current Price]]<=Price_Q1,"Low Price",IF(Table3[[#This Row],[Current Price]]<=Price_Q3,"Medium Price","High Price"))) -> Medium Price | D33: 1490 | E33: 0.34 | F33: =IF(Table3[[#This Row],[Discount]]="","Missing",IF(Table3[[#This Row],[Discount]]<0.2,"Low Discount",IF(Table3[[#This Row],[Discount]]<=0.4,"Medium Discount","High Discount"))) -> Medium Discount | G33: =Table3[[#This Row],[Old Price]]-Table3[[#This Row],[Current Price]] -> 510 | H33: 12 | I33: 4.7 | J33: =IF(Table3[[#This Row],[Rating]]="","Missing",IF(Table3[[#This Row],[Rating]]<3,"Poor",IF(Table3[[#This Row],[Rating]]<=4.5,"Average","Excellent"))) -> Excellent | K33: =IF(OR(Table3[[#This Row],[Rating]]<0,Table3[[#This Row],[Rating]]>5),"Check rating",IF(OR(Table3[[#This Row],[Discount]]<0,Table3[[#This Row],[Discount]]>1),"Check discount",IF(Table3[[#This Row],[Current Price]]>Table3[[#This Row],[Old Price]],"Check prices","OK"))) -> OK
A34: LED Eye Protection Desk Lamp , Study, Reading, USB Fan - Double Pen Holder | B34: 1820 | C34: =IF(Table3[[#This Row],[Current Price]]="","Missing",IF(Table3[[#This Row],[Current Price]]<=Price_Q1,"Low Price",IF(Table3[[#This Row],[Current Price]]<=Price_Q3,"Medium Price","High Price"))) -> High Price | D34: 3490 | E34: 0.48 | F34: =IF(Table3[[#This Row],[Discount]]="","Missing",IF(Table3[[#This Row],[Discount]]<0.2,"Low Discount",IF(Table3[[#This Row],[Discount]]<=0.4,"Medium Discount","High Discount"))) -> High Discount | G34: =Table3[[#This Row],[Old Price]]-Table3[[#This Row],[Current Price]] -> 1670 | H34: 9 | I34: 4.3 | J34: =IF(Table3[[#This Row],[Rating]]="","Missing",IF(Table3[[#This Row],[Rating]]<3,"Poor",IF(Table3[[#This Row],[Rating]]<=4.5,"Average","Excellent"))) -> Average | K34: =IF(OR(Table3[[#This Row],[Rating]]<0,Table3[[#This Row],[Rating]]>5),"Check rating",IF(OR(Table3[[#This Row],[Discount]]<0,Table3[[#This Row],[Discount]]>1),"Check discount",IF(Table3[[#This Row],[Current Price]]>Table3[[#This Row],[Old Price]],"Check prices","OK"))) -> OK
A35: 53Pcs/Set Yarn Knitting Crochet Hooks With Bag - Fortune Cat | B35: 1940 | C35: =IF(Table3[[#This Row],[Current Price]]="","Missing",IF(Table3[[#This Row],[Current Price]]<=Price_Q1,"Low Price",IF(Table3[[#This Row],[Current Price]]<=Price_Q3,"Medium Price","High Price"))) -> High Price | D35: 2650 | E35: 0.27 | F35: =IF(Table3[[#This Row],[Discount]]="","Missing",IF(Table3[[#This Row],[Discount]]<0.2,"Low Discount",IF(Table3[[#This Row],[Discount]]<=0.4,"Medium Discount","High Discount"))) -> Medium Discount | G35: =Table3[[#This Row],[Old Price]]-Table3[[#This Row],[Current Price]] -> 710 | H35: 20 | I35: 4.7 | J35: =IF(Table3[[#This Row],[Rating]]="","Missing",IF(Table3[[#This Row],[Rating]]<3,"Poor",IF(Table3[[#This Row],[Rating]]<=4.5,"Average","Excellent"))) -> Excellent | K35: =IF(OR(Table3[[#This Row],[Rating]]<0,Table3[[#This Row],[Rating]]>5),"Check rating",IF(OR(Table3[[#This Row],[Discount]]<0,Table3[[#This Row],[Discount]]>1),"Check discount",IF(Table3[[#This Row],[Current Price]]>Table3[[#This Row],[Old Price]],"Check prices","OK"))) -> OK
A36: 53 Pieces/Set Yarn Knitting Crochet Hooks With Bag - Pansies | B36: 1980 | C36: =IF(Table3[[#This Row],[Current Price]]="","Missing",IF(Table3[[#This Row],[Current Price]]<=Price_Q1,"Low Price",IF(Table3[[#This Row],[Current Price]]<=Price_Q3,"Medium Price","High Price"))) -> High Price | D36: 2699 | E36: 0.27 | F36: =IF(Table3[[#This Row],[Discount]]="","Missing",IF(Table3[[#This Row],[Discount]]<0.2,"Low Discount",IF(Table3[[#This Row],[Discount]]<=0.4,"Medium Discount","High Discount"))) -> Medium Discount | G36: =Table3[[#This Row],[Old Price]]-Table3[[#This Row],[Current Price]] -> 719 | H36: 32 | I36: 4.5 | J36: =IF(Table3[[#This Row],[Rating]]="","Missing",IF(Table3[[#This Row],[Rating]]<3,"Poor",IF(Table3[[#This Row],[Rating]]<=4.5,"Average","Excellent"))) -> Average | K36: =IF(OR(Table3[[#This Row],[Rating]]<0,Table3[[#This Row],[Rating]]>5),"Check rating",IF(OR(Table3[[#This Row],[Discount]]<0,Table3[[#This Row],[Discount]]>1),"Check discount",IF(Table3[[#This Row],[Current Price]]>Table3[[#This Row],[Old Price]],"Check prices","OK"))) -> OK
A37: DIY File Folder, Office Drawer File Holder, Pen Holder, Desktop Storage Rack | B37: 1620 | C37: =IF(Table3[[#This Row],[Current Price]]="","Missing",IF(Table3[[#This Row],[Current Price]]<=Price_Q1,"Low Price",IF(Table3[[#This Row],[Current Price]]<=Price_Q3,"Medium Price","High Price"))) -> Medium Price | D37: 2690 | E37: 0.4 | F37: =IF(Table3[[#This Row],[Discount]]="","Missing",IF(Table3[[#This Row],[Discount]]<0.2,"Low Discount",IF(Table3[[#This Row],[Discount]]<=0.4,"Medium Discount","High Discount"))) -> Medium Discount | G37: =Table3[[#This Row],[Old Price]]-Table3[[#This Row],[Current Price]] -> 1070 | H37: 1 | I37: 5 | J37: =IF(Table3[[#This Row],[Rating]]="","Missing",IF(Table3[[#This Row],[Rating]]<3,"Poor",IF(Table3[[#This Row],[Rating]]<=4.5,"Average","Excellent"))) -> Excellent | K37: =IF(OR(Table3[[#This Row],[Rating]]<0,Table3[[#This Row],[Rating]]>5),"Check rating",IF(OR(Table3[[#This Row],[Discount]]<0,Table3[[#This Row],[Discount]]>1),"Check discount",IF(Table3[[#This Row],[Current Price]]>Table3[[#This Row],[Old Price]],"Check prices","OK"))) -> OK
A38: Classic Black Cat Cotton Hemp Pillow Case For Home Car | B38: 171 | C38: =IF(Table3[[#This Row],[Current Price]]="","Missing",IF(Table3[[#This Row],[Current Price]]<=Price_Q1,"Low Price",IF(Table3[[#This Row],[Current Price]]<=Price_Q3,"Medium Price","High Price"))) -> Low Price | D38: 360 | E38: 0.53 | F38: =IF(Table3[[#This Row],[Discount]]="","Missing",IF(Table3[[#This Row],[Discount]]<0.2,"Low Discount",IF(Table3[[#This Row],[Discount]]<=0.4,"Medium Discount","High Discount"))) -> High Discount | G38: =Table3[[#This Row],[Old Price]]-Table3[[#This Row],[Current Price]] -> 189 | H38: 2 | I38: 5 | J38: =IF(Table3[[#This Row],[Rating]]="","Missing",IF(Table3[[#This Row],[Rating]]<3,"Poor",IF(Table3[[#This Row],[Rating]]<=4.5,"Average","Excellent"))) -> Excellent | K38: =IF(OR(Table3[[#This Row],[Rating]]<0,Table3[[#This Row],[Rating]]>5),"Check rating",IF(OR(Table3[[#This Row],[Discount]]<0,Table3[[#This Row],[Discount]]>1),"Check discount",IF(Table3[[#This Row],[Current Price]]>Table3[[#This Row],[Old Price]],"Check prices","OK"))) -> OK
A39: Punch-free Great Load Bearing Bathroom Storage Rack Wall Shelf-White | B39: 389 | C39: =IF(Table3[[#This Row],[Current Price]]="","Missing",IF(Table3[[#This Row],[Current Price]]<=Price_Q1,"Low Price",IF(Table3[[#This Row],[Current Price]]<=Price_Q3,"Medium Price","High Price"))) -> Low Price | D39: 656 | E39: 0.41 | F39: =IF(Table3[[#This Row],[Discount]]="","Missing",IF(Table3[[#This Row],[Discount]]<0.2,"Low Discount",IF(Table3[[#This Row],[Discount]]<=0.4,"Medium Discount","High Discount"))) -> High Discount | G39: =Table3[[#This Row],[Old Price]]-Table3[[#This Row],[Current Price]] -> 267 | H39: 36 | I39: 4.3 | J39: =IF(Table3[[#This Row],[Rating]]="","Missing",IF(Table3[[#This Row],[Rating]]<3,"Poor",IF(Table3[[#This Row],[Rating]]<=4.5,"Average","Excellent"))) -> Average | K39: =IF(OR(Table3[[#This Row],[Rating]]<0,Table3[[#This Row],[Rating]]>5),"Check rating",IF(OR(Table3[[#This Row],[Discount]]<0,Table3[[#This Row],[Discount]]>1),"Check discount",IF(Table3[[#This Row],[Current Price]]>Table3[[#This Row],[Old Price]],"Check prices","OK"))) -> OK
A40: 1/2/3 Seater Elastic Sofa Cover,Living Room/Home Decor Chair Cover-Grey | B40: 1800 | C40: =IF(Table3[[#This Row],[Current Price]]="","Missing",IF(Table3[[#This Row],[Current Price]]<=Price_Q1,"Low Price",IF(Table3[[#This Row],[Current Price]]<=Price_Q3,"Medium Price","High Price"))) -> High Price | D40: 2700 | E40: 0.38 | F40: =IF(Table3[[#This Row],[Discount]]="","Missing",IF(Table3[[#This Row],[Discount]]<0.2,"Low Discount",IF(Table3[[#This Row],[Discount]]<=0.4,"Medium Discount","High Discount"))) -> Medium Discount | G40: =Table3[[#This Row],[Old Price]]-Table3[[#This Row],[Current Price]] -> 900 | H40: 2 | I40: 4.5 | J40: =IF(Table3[[#This Row],[Rating]]="","Missing",IF(Table3[[#This Row],[Rating]]<3,"Poor",IF(Table3[[#This Row],[Rating]]<=4.5,"Average","Excellent"))) -> Average | K40: =IF(OR(Table3[[#This Row],[Rating]]<0,Table3[[#This Row],[Rating]]>5),"Check rating",IF(OR(Table3[[#This Row],[Discount]]<0,Table3[[#This Row],[Discount]]>1),"Check discount",IF(Table3[[#This Row],[Current Price]]>Table3[[#This Row],[Old Price]],"Check prices","OK"))) -> OK
A41: LASA Stainless Steel Double Wall Mount Soap Dispenser - 500ml | B41: 2750 | C41: =IF(Table3[[#This Row],[Current Price]]="","Missing",IF(Table3[[#This Row],[Current Price]]<=Price_Q1,"Low Price",IF(Table3[[#This Row],[Current Price]]<=Price_Q3,"Medium Price","High Price"))) -> High Price | D41: 4471 | E41: 0.38 | F41: =IF(Table3[[#This Row],[Discount]]="","Missing",IF(Table3[[#This Row],[Discount]]<0.2,"Low Discount",IF(Table3[[#This Row],[Discount]]<=0.4,"Medium Discount","High Discount"))) -> Medium Discount | G41: =Table3[[#This Row],[Old Price]]-Table3[[#This Row],[Current Price]] -> 1721 | J41: =IF(Table3[[#This Row],[Rating]]="","Missing",IF(Table3[[#This Row],[Rating]]<3,"Poor",IF(Table3[[#This Row],[Rating]]<=4.5,"Average","Excellent"))) -> Missing | K41: =IF(OR(Table3[[#This Row],[Rating]]<0,Table3[[#This Row],[Rating]]>5),"Check rating",IF(OR(Table3[[#This Row],[Discount]]<0,Table3[[#This Row],[Discount]]>1),"Check discount",IF(Table3[[#This Row],[Current Price]]>Table3[[#This Row],[Old Price]],"Check prices","OK"))) -> Check rating
A42: 4M Float Switch Water Level Controller -Water Tank | B42: 475 | C42: =IF(Table3[[#This Row],[Current Price]]="","Missing",IF(Table3[[#This Row],[Current Price]]<=Price_Q1,"Low Price",IF(Table3[[#This Row],[Current Price]]<=Price_Q3,"Medium Price","High Price"))) -> Low Price | D42: 931 | E42: 0.49 | F42: =IF(Table3[[#This Row],[Discount]]="","Missing",IF(Table3[[#This Row],[Discount]]<0.2,"Low Discount",IF(Table3[[#This Row],[Discount]]<=0.4,"Medium Discount","High Discount"))) -> High Discount | G42: =Table3[[#This Row],[Old Price]]-Table3[[#This Row],[Current Price]] -> 456 | J42: =IF(Table3[[#This Row],[Rating]]="","Missing",IF(Table3[[#This Row],[Rating]]<3,"Poor",IF(Table3[[#This Row],[Rating]]<=4.5,"Average","Excellent"))) -> Missing | K42: =IF(OR(Table3[[#This Row],[Rating]]<0,Table3[[#This Row],[Rating]]>5),"Check rating",IF(OR(Table3[[#This Row],[Discount]]<0,Table3[[#This Row],[Discount]]>1),"Check discount",IF(Table3[[#This Row],[Current Price]]>Table3[[#This Row],[Old Price]],"Check prices","OK"))) -> Check rating
A43: Modern Sofa Throw Pillow Cover-45x45cm-Blue&Red | B43: 238 | C43: =IF(Table3[[#This Row],[Current Price]]="","Missing",IF(Table3[[#This Row],[Current Price]]<=Price_Q1,"Low Price",IF(Table3[[#This Row],[Current Price]]<=Price_Q3,"Medium Price","High Price"))) -> Low Price | D43: 476 | E43: 0.5 | F43: =IF(Table3[[#This Row],[Discount]]="","Missing",IF(Table3[[#This Row],[Discount]]<0.2,"Low Discount",IF(Table3[[#This Row],[Discount]]<=0.4,"Medium Discount","High Discount"))) -> High Discount | G43: =Table3[[#This Row],[Old Price]]-Table3[[#This Row],[Current Price]] -> 238 | J43: =IF(Table3[[#This Row],[Rating]]="","Missing",IF(Table3[[#This Row],[Rating]]<3,"Poor",IF(Table3[[#This Row],[Rating]]<=4.5,"Average","Excellent"))) -> Missing | K43: =IF(OR(Table3[[#This Row],[Rating]]<0,Table3[[#This Row],[Rating]]>5),"Check rating",IF(OR(Table3[[#This Row],[Discount]]<0,Table3[[#This Row],[Discount]]>1),"Check discount",IF(Table3[[#This Row],[Current Price]]>Table3[[#This Row],[Old Price]],"Check prices","OK"))) -> Check rating
A44: Balloon Insert, Birthday Party Balloon Set, PU Leather | B44: 610 | C44: =IF(Table3[[#This Row],[Current Price]]="","Missing",IF(Table3[[#This Row],[Current Price]]<=Price_Q1,"Low Price",IF(Table3[[#This Row],[Current Price]]<=Price_Q3,"Medium Price","High Price"))) -> Medium Price | D44: 1060 | E44: 0.42 | F44: =IF(Table3[[#This Row],[Discount]]="","Missing",IF(Table3[[#This Row],[Discount]]<0.2,"Low Discount",IF(Table3[[#This Row],[Discount]]<=0.4,"Medium Discount","High Discount"))) -> High Discount | G44: =Table3[[#This Row],[Old Price]]-Table3[[#This Row],[Current Price]] -> 450 | J44: =IF(Table3[[#This Row],[Rating]]="","Missing",IF(Table3[[#This Row],[Rating]]<3,"Poor",IF(Table3[[#This Row],[Rating]]<=4.5,"Average","Excellent"))) -> Missing | K44: =IF(OR(Table3[[#This Row],[Rating]]<0,Table3[[#This Row],[Rating]]>5),"Check rating",IF(OR(Table3[[#This Row],[Discount]]<0,Table3[[#This Row],[Discount]]>1),"Check discount",IF(Table3[[#This Row],[Current Price]]>Table3[[#This Row],[Old Price]],"Check prices","OK"))) -> Check rating
A45: Shower Cap Wide Elastic Band Cover Reusable Bashroom Cap | B45: 2132 | C45: =IF(Table3[[#This Row],[Current Price]]="","Missing",IF(Table3[[#This Row],[Current Price]]<=Price_Q1,"Low Price",IF(Table3[[#This Row],[Current Price]]<=Price_Q3,"Medium Price","High Price"))) -> High Price | D45: 2169 | E45: 0.02 | F45: =IF(Table3[[#This Row],[Discount]]="","Missing",IF(Table3[[#This Row],[Discount]]<0.2,"Low Discount",IF(Table3[[#This Row],[Discount]]<=0.4,"Medium Discount","High Discount"))) -> Low Discount | G45: =Table3[[#This Row],[Old Price]]-Table3[[#This Row],[Current Price]] -> 37 | J45: =IF(Table3[[#This Row],[Rating]]="","Missing",IF(Table3[[#This Row],[Rating]]<3,"Poor",IF(Table3[[#This Row],[Rating]]<=4.5,"Average","Excellent"))) -> Missing | K45: =IF(OR(Table3[[#This Row],[Rating]]<0,Table3[[#This Row],[Rating]]>5),"Check rating",IF(OR(Table3[[#This Row],[Discount]]<0,Table3[[#This Row],[Discount]]>1),"Check discount",IF(Table3[[#This Row],[Current Price]]>Table3[[#This Row],[Old Price]],"Check prices","OK"))) -> Check rating
A46: Christmas Elk Fence Yard Lawn Decorations Cute For Holidays | B46: 999 | C46: =IF(Table3[[#This Row],[Current Price]]="","Missing",IF(Table3[[#This Row],[Current Price]]<=Price_Q1,"Low Price",IF(Table3[[#This Row],[Current Price]]<=Price_Q3,"Medium Price","High Price"))) -> Medium Price | D46: 2000 | E46: 0.5 | F46: =IF(Table3[[#This Row],[Discount]]="","Missing",IF(Table3[[#This Row],[Discount]]<0.2,"Low Discount",IF(Table3[[#This Row],[Discount]]<=0.4,"Medium Discount","High Discount"))) -> High Discount | G46: =Table3[[#This Row],[Old Price]]-Table3[[#This Row],[Current Price]] -> 1001 | J46: =IF(Table3[[#This Row],[Rating]]="","Missing",IF(Table3[[#This Row],[Rating]]<3,"Poor",IF(Table3[[#This Row],[Rating]]<=4.5,"Average","Excellent"))) -> Missing | K46: =IF(OR(Table3[[#This Row],[Rating]]<0,Table3[[#This Row],[Rating]]>5),"Check rating",IF(OR(Table3[[#This Row],[Discount]]<0,Table3[[#This Row],[Discount]]>1),"Check discount",IF(Table3[[#This Row],[Current Price]]>Table3[[#This Row],[Old Price]],"Check prices","OK"))) -> Check rating
A47: 60W Hot Melt Glue Sprayer - Efficient And Stable Glue Dispensing | B47: 1190 | C47: =IF(Table3[[#This Row],[Current Price]]="","Missing",IF(Table3[[#This Row],[Current Price]]<=Price_Q1,"Low Price",IF(Table3[[#This Row],[Current Price]]<=Price_Q3,"Medium Price","High Price"))) -> Medium Price | D47: 1785 | E47: 0.33 | F47: =IF(Table3[[#This Row],[Discount]]="","Missing",IF(Table3[[#This Row],[Discount]]<0.2,"Low Discount",IF(Table3[[#This Row],[Discount]]<=0.4,"Medium Discount","High Discount"))) -> Medium Discount | G47: =Table3[[#This Row],[Old Price]]-Table3[[#This Row],[Current Price]] -> 595 | J47: =IF(Table3[[#This Row],[Rating]]="","Missing",IF(Table3[[#This Row],[Rating]]<3,"Poor",IF(Table3[[#This Row],[Rating]]<=4.5,"Average","Excellent"))) -> Missing | K47: =IF(OR(Table3[[#This Row],[Rating]]<0,Table3[[#This Row],[Rating]]>5),"Check rating",IF(OR(Table3[[#This Row],[Discount]]<0,Table3[[#This Row],[Discount]]>1),"Check discount",IF(Table3[[#This Row],[Current Price]]>Table3[[#This Row],[Old Price]],"Check prices","OK"))) -> Check rating
A48: Car Phone Charging Stand | B48: 671 | C48: =IF(Table3[[#This Row],[Current Price]]="","Missing",IF(Table3[[#This Row],[Current Price]]<=Price_Q1,"Low Price",IF(Table3[[#This Row],[Current Price]]<=Price_Q3,"Medium Price","High Price"))) -> Medium Price | D48: 1316 | E48: 0.49 | F48: =IF(Table3[[#This Row],[Discount]]="","Missing",IF(Table3[[#This Row],[Discount]]<0.2,"Low Discount",IF(Table3[[#This Row],[Discount]]<=0.4,"Medium Discount","High Discount"))) -> High Discount | G48: =Table3[[#This Row],[Old Price]]-Table3[[#This Row],[Current Price]] -> 645 | J48: =IF(Table3[[#This Row],[Rating]]="","Missing",IF(Table3[[#This Row],[Rating]]<3,"Poor",IF(Table3[[#This Row],[Rating]]<=4.5,"Average","Excellent"))) -> Missing | K48: =IF(OR(Table3[[#This Row],[Rating]]<0,Table3[[#This Row],[Rating]]>5),"Check rating",IF(OR(Table3[[#This Row],[Discount]]<0,Table3[[#This Row],[Discount]]>1),"Check discount",IF(Table3[[#This Row],[Current Price]]>Table3[[#This Row],[Old Price]],"Check prices","OK"))) -> Check rating
A49: 2pcs Solar Street Light Flood Light Outdoor | B49: 1200 | C49: =IF(Table3[[#This Row],[Current Price]]="","Missing",IF(Table3[[#This Row],[Current Price]]<=Price_Q1,"Low Price",IF(Table3[[#This Row],[Current Price]]<=Price_Q3,"Medium Price","High Price"))) -> Medium Price | D49: 1950 | E49: 0.38 | F49: =IF(Table3[[#This Row],[Discount]]="","Missing",IF(Table3[[#This Row],[Discount]]<0.2,"Low Discount",IF(Table3[[#This Row],[Discount]]<=0.4,"Medium Discount","High Discount"))) -> Medium Discount | G49: =Table3[[#This Row],[Old Price]]-Table3[[#This Row],[Current Price]] -> 750 | J49: =IF(Table3[[#This Row],[Rating]]="","Missing",IF(Table3[[#This Row],[Rating]]<3,"Poor",IF(Table3[[#This Row],[Rating]]<=4.5,"Average","Excellent"))) -> Missing | K49: =IF(OR(Table3[[#This Row],[Rating]]<0,Table3[[#This Row],[Rating]]>5),"Check rating",IF(OR(Table3[[#This Row],[Discount]]<0,Table3[[#This Row],[Discount]]>1),"Check discount",IF(Table3[[#This Row],[Current Price]]>Table3[[#This Row],[Old Price]],"Check prices","OK"))) -> Check rating
A50: Creative Owl Shape Keychain Black | B50: 199 | C50: =IF(Table3[[#This Row],[Current Price]]="","Missing",IF(Table3[[#This Row],[Current Price]]<=Price_Q1,"Low Price",IF(Table3[[#This Row],[Current Price]]<=Price_Q3,"Medium Price","High Price"))) -> Low Price | D50: 504 | E50: 0.61 | F50: =IF(Table3[[#This Row],[Discount]]="","Missing",IF(Table3[[#This Row],[Discount]]<0.2,"Low Discount",IF(Table3[[#This Row],[Discount]]<=0.4,"Medium Discount","High Discount"))) -> High Discount | G50: =Table3[[#This Row],[Old Price]]-Table3[[#This Row],[Current Price]] -> 305 | J50: =IF(Table3[[#This Row],[Rating]]="","Missing",IF(Table3[[#This Row],[Rating]]<3,"Poor",IF(Table3[[#This Row],[Rating]]<=4.5,"Average","Excellent"))) -> Missing | K50: =IF(OR(Table3[[#This Row],[Rating]]<0,Table3[[#This Row],[Rating]]>5),"Check rating",IF(OR(Table3[[#This Row],[Discount]]<0,Table3[[#This Row],[Discount]]>1),"Check discount",IF(Table3[[#This Row],[Current Price]]>Table3[[#This Row],[Old Price]],"Check prices","OK"))) -> Check rating
A51: Brush & Paintbrush Cleaning Tool Pink | B51: 299 | C51: =IF(Table3[[#This Row],[Current Price]]="","Missing",IF(Table3[[#This Row],[Current Price]]<=Price_Q1,"Low Price",IF(Table3[[#This Row],[Current Price]]<=Price_Q3,"Medium Price","High Price"))) -> Low Price | D51: 600 | E51: 0.5 | F51: =IF(Table3[[#This Row],[Discount]]="","Missing",IF(Table3[[#This Row],[Discount]]<0.2,"Low Discount",IF(Table3[[#This Row],[Discount]]<=0.4,"Medium Discount","High Discount"))) -> High Discount | G51: =Table3[[#This Row],[Old Price]]-Table3[[#This Row],[Current Price]] -> 301 | J51: =IF(Table3[[#This Row],[Rating]]="","Missing",IF(Table3[[#This Row],[Rating]]<3,"Poor",IF(Table3[[#This Row],[Rating]]<=4.5,"Average","Excellent"))) -> Missing | K51: =IF(OR(Table3[[#This Row],[Rating]]<0,Table3[[#This Row],[Rating]]>5),"Check rating",IF(OR(Table3[[#This Row],[Discount]]<0,Table3[[#This Row],[Discount]]>1),"Check discount",IF(Table3[[#This Row],[Current Price]]>Table3[[#This Row],[Old Price]],"Check prices","OK"))) -> Check rating
A52: Pen Grips For Kids Pen Grip Posture Correction Tool For Kids | B52: 1660 | C52: =IF(Table3[[#This Row],[Current Price]]="","Missing",IF(Table3[[#This Row],[Current Price]]<=Price_Q1,"Low Price",IF(Table3[[#This Row],[Current Price]]<=Price_Q3,"Medium Price","High Price"))) -> Medium Price | D52: 1699 | E52: 0.02 | F52: =IF(Table3[[#This Row],[Discount]]="","Missing",IF(Table3[[#This Row],[Discount]]<0.2,"Low Discount",IF(Table3[[#This Row],[Discount]]<=0.4,"Medium Discount","High Discount"))) -> Low Discount | G52: =Table3[[#This Row],[Old Price]]-Table3[[#This Row],[Current Price]] -> 39 | J52: =IF(Table3[[#This Row],[Rating]]="","Missing",IF(Table3[[#This Row],[Rating]]<3,"Poor",IF(Table3[[#This Row],[Rating]]<=4.5,"Average","Excellent"))) -> Missing | K52: =IF(OR(Table3[[#This Row],[Rating]]<0,Table3[[#This Row],[Rating]]>5),"Check rating",IF(OR(Table3[[#This Row],[Discount]]<0,Table3[[#This Row],[Discount]]>1),"Check discount",IF(Table3[[#This Row],[Current Price]]>Table3[[#This Row],[Old Price]],"Check prices","OK"))) -> Check rating
... A60: Simple Metal Dog Art Sculpture Decoration For Home Office | B60: 399 | C60: =IF(Table3[[#This Row],[Current Price]]="","Missing",IF(Table3[[#This Row],[Current Price]]<=Price_Q1,"Low Price",IF(Table3[[#This Row],[Current Price]]<=Price_Q3,"Medium Price","High Price"))) -> Low Price | D60: 896 | E60: 0.55 | F60: =IF(Table3[[#This Row],[Discount]]="","Missing",IF(Table3[[#This Row],[Discount]]<0.2,"Low Discount",IF(Table3[[#This Row],[Discount]]<=0.4,"Medium Discount","High Discount"))) -> High Discount | G60: =Table3[[#This Row],[Old Price]]-Table3[[#This Row],[Current Price]] -> 497 | J60: =IF(Table3[[#This Row],[Rating]]="","Missing",IF(Table3[[#This Row],[Rating]]<3,"Poor",IF(Table3[[#This Row],[Rating]]<=4.5,"Average","Excellent"))) -> Missing | K60: =IF(OR(Table3[[#This Row],[Rating]]<0,Table3[[#This Row],[Rating]]>5),"Check rating",IF(OR(Table3[[#This Row],[Discount]]<0,Table3[[#This Row],[Discount]]>1),"Check discount",IF(Table3[[#This Row],[Current Price]]>Table3[[#This Row],[Old Price]],"Check prices","OK"))) -> Check rating
A61: 5 Pieces/set Of Stainless Steel Induction Cooker Pots | B61: 2170 | C61: =IF(Table3[[#This Row],[Current Price]]="","Missing",IF(Table3[[#This Row],[Current Price]]<=Price_Q1,"Low Price",IF(Table3[[#This Row],[Current Price]]<=Price_Q3,"Medium Price","High Price"))) -> High Price | D61: 2500 | E61: 0.13 | F61: =IF(Table3[[#This Row],[Discount]]="","Missing",IF(Table3[[#This Row],[Discount]]<0.2,"Low Discount",IF(Table3[[#This Row],[Discount]]<=0.4,"Medium Discount","High Discount"))) -> Low Discount | G61: =Table3[[#This Row],[Old Price]]-Table3[[#This Row],[Current Price]] -> 330 | H61: 6 | I61: 2.5 | J61: =IF(Table3[[#This Row],[Rating]]="","Missing",IF(Table3[[#This Row],[Rating]]<3,"Poor",IF(Table3[[#This Row],[Rating]]<=4.5,"Average","Excellent"))) -> Poor | K61: =IF(OR(Table3[[#This Row],[Rating]]<0,Table3[[#This Row],[Rating]]>5),"Check rating",IF(OR(Table3[[#This Row],[Discount]]<0,Table3[[#This Row],[Discount]]>1),"Check discount",IF(Table3[[#This Row],[Current Price]]>Table3[[#This Row],[Old Price]],"Check prices","OK"))) -> OK
A62: Mythco 120COB Solar Wall Ligt With Motion Sensor And Remote Control 3 Modes | B62: 458 | C62: =IF(Table3[[#This Row],[Current Price]]="","Missing",IF(Table3[[#This Row],[Current Price]]<=Price_Q1,"Low Price",IF(Table3[[#This Row],[Current Price]]<=Price_Q3,"Medium Price","High Price"))) -> Low Price | D62: 986 | E62: 0.54 | F62: =IF(Table3[[#This Row],[Discount]]="","Missing",IF(Table3[[#This Row],[Discount]]<0.2,"Low Discount",IF(Table3[[#This Row],[Discount]]<=0.4,"Medium Discount","High Discount"))) -> High Discount | G62: =Table3[[#This Row],[Old Price]]-Table3[[#This Row],[Current Price]] -> 528 | H62: 10 | I62: 3 | J62: =IF(Table3[[#This Row],[Rating]]="","Missing",IF(Table3[[#This Row],[Rating]]<3,"Poor",IF(Table3[[#This Row],[Rating]]<=4.5,"Average","Excellent"))) -> Average | K62: =IF(OR(Table3[[#This Row],[Rating]]<0,Table3[[#This Row],[Rating]]>5),"Check rating",IF(OR(Table3[[#This Row],[Discount]]<0,Table3[[#This Row],[Discount]]>1),"Check discount",IF(Table3[[#This Row],[Current Price]]>Table3[[#This Row],[Old Price]],"Check prices","OK"))) -> OK
A63: 5-PCS Stainless Steel Cooking Pot Set With Steamed Slices | B63: 2115 | C63: =IF(Table3[[#This Row],[Current Price]]="","Missing",IF(Table3[[#This Row],[Current Price]]<=Price_Q1,"Low Price",IF(Table3[[#This Row],[Current Price]]<=Price_Q3,"Medium Price","High Price"))) -> High Price | D63: 4700 | E63: 0.55 | F63: =IF(Table3[[#This Row],[Discount]]="","Missing",IF(Table3[[#This Row],[Discount]]<0.2,"Low Discount",IF(Table3[[#This Row],[Discount]]<=0.4,"Medium Discount","High Discount"))) -> High Discount | G63: =Table3[[#This Row],[Old Price]]-Table3[[#This Row],[Current Price]] -> 2585 | H63: 13 | I63: 2.1 | J63: =IF(Table3[[#This Row],[Rating]]="","Missing",IF(Table3[[#This Row],[Rating]]<3,"Poor",IF(Table3[[#This Row],[Rating]]<=4.5,"Average","Excellent"))) -> Poor | K63: =IF(OR(Table3[[#This Row],[Rating]]<0,Table3[[#This Row],[Rating]]>5),"Check rating",IF(OR(Table3[[#This Row],[Discount]]<0,Table3[[#This Row],[Discount]]>1),"Check discount",IF(Table3[[#This Row],[Current Price]]>Table3[[#This Row],[Old Price]],"Check prices","OK"))) -> OK
A64: 120W Cordless Vacuum Cleaners Handheld Electric Vacuum Cleaner | B64: 445 | C64: =IF(Table3[[#This Row],[Current Price]]="","Missing",IF(Table3[[#This Row],[Current Price]]<=Price_Q1,"Low Price",IF(Table3[[#This Row],[Current Price]]<=Price_Q3,"Medium Price","High Price"))) -> Low Price | D64: 873 | E64: 0.49 | F64: =IF(Table3[[#This Row],[Discount]]="","Missing",IF(Table3[[#This Row],[Discount]]<0.2,"Low Discount",IF(Table3[[#This Row],[Discount]]<=0.4,"Medium Discount","High Discount"))) -> High Discount | G64: =Table3[[#This Row],[Old Price]]-Table3[[#This Row],[Current Price]] -> 428 | H64: 69 | I64: 2.8 | J64: =IF(Table3[[#This Row],[Rating]]="","Missing",IF(Table3[[#This Row],[Rating]]<3,"Poor",IF(Table3[[#This Row],[Rating]]<=4.5,"Average","Excellent"))) -> Poor | K64: =IF(OR(Table3[[#This Row],[Rating]]<0,Table3[[#This Row],[Rating]]>5),"Check rating",IF(OR(Table3[[#This Row],[Discount]]<0,Table3[[#This Row],[Discount]]>1),"Check discount",IF(Table3[[#This Row],[Current Price]]>Table3[[#This Row],[Old Price]],"Check prices","OK"))) -> OK
A65: Intelligent LED Body Sensor Wireless Lighting Night Light USB | B65: 325 | C65: =IF(Table3[[#This Row],[Current Price]]="","Missing",IF(Table3[[#This Row],[Current Price]]<=Price_Q1,"Low Price",IF(Table3[[#This Row],[Current Price]]<=Price_Q3,"Medium Price","High Price"))) -> Low Price | D65: 680 | E65: 0.52 | F65: =IF(Table3[[#This Row],[Discount]]="","Missing",IF(Table3[[#This Row],[Discount]]<0.2,"Low Discount",IF(Table3[[#This Row],[Discount]]<=0.4,"Medium Discount","High Discount"))) -> High Discount | G65: =Table3[[#This Row],[Old Price]]-Table3[[#This Row],[Current Price]] -> 355 | H65: 15 | I65: 2.7 | J65: =IF(Table3[[#This Row],[Rating]]="","Missing",IF(Table3[[#This Row],[Rating]]<3,"Poor",IF(Table3[[#This Row],[Rating]]<=4.5,"Average","Excellent"))) -> Poor | K65: =IF(OR(Table3[[#This Row],[Rating]]<0,Table3[[#This Row],[Rating]]>5),"Check rating",IF(OR(Table3[[#This Row],[Discount]]<0,Table3[[#This Row],[Discount]]>1),"Check discount",IF(Table3[[#This Row],[Current Price]]>Table3[[#This Row],[Old Price]],"Check prices","OK"))) -> OK
A66: VIC Wireless Vacuum Cleaner Dual Use For Home And Car 120W High Power Powerful | B66: 1220 | C66: =IF(Table3[[#This Row],[Current Price]]="","Missing",IF(Table3[[#This Row],[Current Price]]<=Price_Q1,"Low Price",IF(Table3[[#This Row],[Current Price]]<=Price_Q3,"Medium Price","High Price"))) -> Medium Price | D66: 1555 | E66: 0.22 | F66: =IF(Table3[[#This Row],[Discount]]="","Missing",IF(Table3[[#This Row],[Discount]]<0.2,"Low Discount",IF(Table3[[#This Row],[Discount]]<=0.4,"Medium Discount","High Discount"))) -> Medium Discount | G66: =Table3[[#This Row],[Old Price]]-Table3[[#This Row],[Current Price]] -> 335 | H66: 16 | I66: 2.9 | J66: =IF(Table3[[#This Row],[Rating]]="","Missing",IF(Table3[[#This Row],[Rating]]<3,"Poor",IF(Table3[[#This Row],[Rating]]<=4.5,"Average","Excellent"))) -> Poor | K66: =IF(OR(Table3[[#This Row],[Rating]]<0,Table3[[#This Row],[Rating]]>5),"Check rating",IF(OR(Table3[[#This Row],[Discount]]<0,Table3[[#This Row],[Discount]]>1),"Check discount",IF(Table3[[#This Row],[Current Price]]>Table3[[#This Row],[Old Price]],"Check prices","OK"))) -> OK
A67: Artificial Potted Flowers Room Decorative Flowers (2 Pieces) | B67: 990 | C67: =IF(Table3[[#This Row],[Current Price]]="","Missing",IF(Table3[[#This Row],[Current Price]]<=Price_Q1,"Low Price",IF(Table3[[#This Row],[Current Price]]<=Price_Q3,"Medium Price","High Price"))) -> Medium Price | D67: 1814 | E67: 0.45 | F67: =IF(Table3[[#This Row],[Discount]]="","Missing",IF(Table3[[#This Row],[Discount]]<0.2,"Low Discount",IF(Table3[[#This Row],[Discount]]<=0.4,"Medium Discount","High Discount"))) -> High Discount | G67: =Table3[[#This Row],[Old Price]]-Table3[[#This Row],[Current Price]] -> 824 | H67: 6 | I67: 2.2 | J67: =IF(Table3[[#This Row],[Rating]]="","Missing",IF(Table3[[#This Row],[Rating]]<3,"Poor",IF(Table3[[#This Row],[Rating]]<=4.5,"Average","Excellent"))) -> Poor | K67: =IF(OR(Table3[[#This Row],[Rating]]<0,Table3[[#This Row],[Rating]]>5),"Check rating",IF(OR(Table3[[#This Row],[Discount]]<0,Table3[[#This Row],[Discount]]>1),"Check discount",IF(Table3[[#This Row],[Current Price]]>Table3[[#This Row],[Old Price]],"Check prices","OK"))) -> OK
A68: 380ML USB Rechargeable Portable Small Blenders And Juicers | B68: 1000 | C68: =IF(Table3[[#This Row],[Current Price]]="","Missing",IF(Table3[[#This Row],[Current Price]]<=Price_Q1,"Low Price",IF(Table3[[#This Row],[Current Price]]<=Price_Q3,"Medium Price","High Price"))) -> Medium Price | D68: 2000 | E68: 0.5 | F68: =IF(Table3[[#This Row],[Discount]]="","Missing",IF(Table3[[#This Row],[Discount]]<0.2,"Low Discount",IF(Table3[[#This Row],[Discount]]<=0.4,"Medium Discount","High Discount"))) -> High Discount | G68: =Table3[[#This Row],[Old Price]]-Table3[[#This Row],[Current Price]] -> 1000 | H68: 7 | I68: 2.3 | J68: =IF(Table3[[#This Row],[Rating]]="","Missing",IF(Table3[[#This Row],[Rating]]<3,"Poor",IF(Table3[[#This Row],[Rating]]<=4.5,"Average","Excellent"))) -> Poor | K68: =IF(OR(Table3[[#This Row],[Rating]]<0,Table3[[#This Row],[Rating]]>5),"Check rating",IF(OR(Table3[[#This Row],[Discount]]<0,Table3[[#This Row],[Discount]]>1),"Check discount",IF(Table3[[#This Row],[Current Price]]>Table3[[#This Row],[Old Price]],"Check prices","OK"))) -> OK
A69: 32PCS Portable Cordless Drill Set With Cyclic Battery Drive -26 Variable Speed | B69: 3750 | C69: =IF(Table3[[#This Row],[Current Price]]="","Missing",IF(Table3[[#This Row],[Current Price]]<=Price_Q1,"Low Price",IF(Table3[[#This Row],[Current Price]]<=Price_Q3,"Medium Price","High Price"))) -> High Price | D69: 6143 | E69: 0.39 | F69: =IF(Table3[[#This Row],[Discount]]="","Missing",IF(Table3[[#This Row],[Discount]]<0.2,"Low Discount",IF(Table3[[#This Row],[Discount]]<=0.4,"Medium Discount","High Discount"))) -> Medium Discount | G69: =Table3[[#This Row],[Old Price]]-Table3[[#This Row],[Current Price]] -> 2393 | H69: 5 | I69: 3 | J69: =IF(Table3[[#This Row],[Rating]]="","Missing",IF(Table3[[#This Row],[Rating]]<3,"Poor",IF(Table3[[#This Row],[Rating]]<=4.5,"Average","Excellent"))) -> Average | K69: =IF(OR(Table3[[#This Row],[Rating]]<0,Table3[[#This Row],[Rating]]>5),"Check rating",IF(OR(Table3[[#This Row],[Discount]]<0,Table3[[#This Row],[Discount]]>1),"Check discount",IF(Table3[[#This Row],[Current Price]]>Table3[[#This Row],[Old Price]],"Check prices","OK"))) -> OK
A70: Agapeon Toothbrush Holder And Toothpaste Dispenser | B70: 382 | C70: =IF(Table3[[#This Row],[Current Price]]="","Missing",IF(Table3[[#This Row],[Current Price]]<=Price_Q1,"Low Price",IF(Table3[[#This Row],[Current Price]]<=Price_Q3,"Medium Price","High Price"))) -> Low Price | D70: 700 | E70: 0.45 | F70: =IF(Table3[[#This Row],[Discount]]="","Missing",IF(Table3[[#This Row],[Discount]]<0.2,"Low Discount",IF(Table3[[#This Row],[Discount]]<=0.4,"Medium Discount","High Discount"))) -> High Discount | G70: =Table3[[#This Row],[Old Price]]-Table3[[#This Row],[Current Price]] -> 318 | H70: 17 | I70: 2.6 | J70: =IF(Table3[[#This Row],[Rating]]="","Missing",IF(Table3[[#This Row],[Rating]]<3,"Poor",IF(Table3[[#This Row],[Rating]]<=4.5,"Average","Excellent"))) -> Poor | K70: =IF(OR(Table3[[#This Row],[Rating]]<0,Table3[[#This Row],[Rating]]>5),"Check rating",IF(OR(Table3[[#This Row],[Discount]]<0,Table3[[#This Row],[Discount]]>1),"Check discount",IF(Table3[[#This Row],[Current Price]]>Table3[[#This Row],[Old Price]],"Check prices","OK"))) -> OK
A71: Large Lazy Inflatable Sofa Chairs PVC Lounger Seat Bag | B71: 2300 | C71: =IF(Table3[[#This Row],[Current Price]]="","Missing",IF(Table3[[#This Row],[Current Price]]<=Price_Q1,"Low Price",IF(Table3[[#This Row],[Current Price]]<=Price_Q3,"Medium Price","High Price"))) -> High Price | D71: 3240 | E71: 0.29 | F71: =IF(Table3[[#This Row],[Discount]]="","Missing",IF(Table3[[#This Row],[Discount]]<0.2,"Low Discount",IF(Table3[[#This Row],[Discount]]<=0.4,"Medium Discount","High Discount"))) -> Medium Discount | G71: =Table3[[#This Row],[Old Price]]-Table3[[#This Row],[Current Price]] -> 940 | H71: 5 | I71: 3 | J71: =IF(Table3[[#This Row],[Rating]]="","Missing",IF(Table3[[#This Row],[Rating]]<3,"Poor",IF(Table3[[#This Row],[Rating]]<=4.5,"Average","Excellent"))) -> Average | K71: =IF(OR(Table3[[#This Row],[Rating]]<0,Table3[[#This Row],[Rating]]>5),"Check rating",IF(OR(Table3[[#This Row],[Discount]]<0,Table3[[#This Row],[Discount]]>1),"Check discount",IF(Table3[[#This Row],[Current Price]]>Table3[[#This Row],[Old Price]],"Check prices","OK"))) -> OK
A72: Watercolour Gold Foil Textured Print Pillow Cover | B72: 345 | C72: =IF(Table3[[#This Row],[Current Price]]="","Missing",IF(Table3[[#This Row],[Current Price]]<=Price_Q1,"Low Price",IF(Table3[[#This Row],[Current Price]]<=Price_Q3,"Medium Price","High Price"))) -> Low Price | D72: 602 | E72: 0.43 | F72: =IF(Table3[[#This Row],[Discount]]="","Missing",IF(Table3[[#This Row],[Discount]]<0.2,"Low Discount",IF(Table3[[#This Row],[Discount]]<=0.4,"Medium Discount","High Discount"))) -> High Discount | G72: =Table3[[#This Row],[Old Price]]-Table3[[#This Row],[Current Price]] -> 257 | H72: 6 | I72: 2.3 | J72: =IF(Table3[[#This Row],[Rating]]="","Missing",IF(Table3[[#This Row],[Rating]]<3,"Poor",IF(Table3[[#This Row],[Rating]]<=4.5,"Average","Excellent"))) -> Poor | K72: =IF(OR(Table3[[#This Row],[Rating]]<0,Table3[[#This Row],[Rating]]>5),"Check rating",IF(OR(Table3[[#This Row],[Discount]]<0,Table3[[#This Row],[Discount]]>1),"Check discount",IF(Table3[[#This Row],[Current Price]]>Table3[[#This Row],[Old Price]],"Check prices","OK"))) -> OK
... A75: Electric LED UV Mosquito Killer Lamp, Outdoor/Indoor Fly Killer Trap Light -USB | B75: 1570 | C75: =IF(Table3[[#This Row],[Current Price]]="","Missing",IF(Table3[[#This Row],[Current Price]]<=Price_Q1,"Low Price",IF(Table3[[#This Row],[Current Price]]<=Price_Q3,"Medium Price","High Price"))) -> Medium Price | D75: 2988 | E75: 0.47 | F75: =IF(Table3[[#This Row],[Discount]]="","Missing",IF(Table3[[#This Row],[Discount]]<0.2,"Low Discount",IF(Table3[[#This Row],[Discount]]<=0.4,"Medium Discount","High Discount"))) -> High Discount | G75: =Table3[[#This Row],[Old Price]]-Table3[[#This Row],[Current Price]] -> 1418 | H75: 7 | I75: 2.1 | J75: =IF(Table3[[#This Row],[Rating]]="","Missing",IF(Table3[[#This Row],[Rating]]<3,"Poor",IF(Table3[[#This Row],[Rating]]<=4.5,"Average","Excellent"))) -> Poor | K75: =IF(OR(Table3[[#This Row],[Rating]]<0,Table3[[#This Row],[Rating]]>5),"Check rating",IF(OR(Table3[[#This Row],[Discount]]<0,Table3[[#This Row],[Discount]]>1),"Check discount",IF(Table3[[#This Row],[Current Price]]>Table3[[#This Row],[Old Price]],"Check prices","OK"))) -> OK
A76: 2PCS/LOT Solar LED Outdoor Intelligent Light Controlled Wall Lamp | B76: 790 | C76: =IF(Table3[[#This Row],[Current Price]]="","Missing",IF(Table3[[#This Row],[Current Price]]<=Price_Q1,"Low Price",IF(Table3[[#This Row],[Current Price]]<=Price_Q3,"Medium Price","High Price"))) -> Medium Price | D76: 1485 | E76: 0.47 | F76: =IF(Table3[[#This Row],[Discount]]="","Missing",IF(Table3[[#This Row],[Discount]]<0.2,"Low Discount",IF(Table3[[#This Row],[Discount]]<=0.4,"Medium Discount","High Discount"))) -> High Discount | G76: =Table3[[#This Row],[Old Price]]-Table3[[#This Row],[Current Price]] -> 695 | J76: =IF(Table3[[#This Row],[Rating]]="","Missing",IF(Table3[[#This Row],[Rating]]<3,"Poor",IF(Table3[[#This Row],[Rating]]<=4.5,"Average","Excellent"))) -> Missing | K76: =IF(OR(Table3[[#This Row],[Rating]]<0,Table3[[#This Row],[Rating]]>5),"Check rating",IF(OR(Table3[[#This Row],[Discount]]<0,Table3[[#This Row],[Discount]]>1),"Check discount",IF(Table3[[#This Row],[Current Price]]>Table3[[#This Row],[Old Price]],"Check prices","OK"))) -> Check rating
A77: 3PCS Rotary Scraper Thermomix For Kitchen | B77: 690 | C77: =IF(Table3[[#This Row],[Current Price]]="","Missing",IF(Table3[[#This Row],[Current Price]]<=Price_Q1,"Low Price",IF(Table3[[#This Row],[Current Price]]<=Price_Q3,"Medium Price","High Price"))) -> Medium Price | D77: 1200 | E77: 0.43 | F77: =IF(Table3[[#This Row],[Discount]]="","Missing",IF(Table3[[#This Row],[Discount]]<0.2,"Low Discount",IF(Table3[[#This Row],[Discount]]<=0.4,"Medium Discount","High Discount"))) -> High Discount | G77: =Table3[[#This Row],[Old Price]]-Table3[[#This Row],[Current Price]] -> 510 | J77: =IF(Table3[[#This Row],[Rating]]="","Missing",IF(Table3[[#This Row],[Rating]]<3,"Poor",IF(Table3[[#This Row],[Rating]]<=4.5,"Average","Excellent"))) -> Missing | K77: =IF(OR(Table3[[#This Row],[Rating]]<0,Table3[[#This Row],[Rating]]>5),"Check rating",IF(OR(Table3[[#This Row],[Discount]]<0,Table3[[#This Row],[Discount]]>1),"Check discount",IF(Table3[[#This Row],[Current Price]]>Table3[[#This Row],[Old Price]],"Check prices","OK"))) -> Check rating
A78: Cushion Silicone Butt Cushion Summer Ice Cushion Honeycomb Gel Cushion | B78: 1732 | C78: =IF(Table3[[#This Row],[Current Price]]="","Missing",IF(Table3[[#This Row],[Current Price]]<=Price_Q1,"Low Price",IF(Table3[[#This Row],[Current Price]]<=Price_Q3,"Medium Price","High Price"))) -> High Price | D78: 1799 | E78: 0.04 | F78: =IF(Table3[[#This Row],[Discount]]="","Missing",IF(Table3[[#This Row],[Discount]]<0.2,"Low Discount",IF(Table3[[#This Row],[Discount]]<=0.4,"Medium Discount","High Discount"))) -> Low Discount | G78: =Table3[[#This Row],[Old Price]]-Table3[[#This Row],[Current Price]] -> 67 | J78: =IF(Table3[[#This Row],[Rating]]="","Missing",IF(Table3[[#This Row],[Rating]]<3,"Poor",IF(Table3[[#This Row],[Rating]]<=4.5,"Average","Excellent"))) -> Missing | K78: =IF(OR(Table3[[#This Row],[Rating]]<0,Table3[[#This Row],[Rating]]>5),"Check rating",IF(OR(Table3[[#This Row],[Discount]]<0,Table3[[#This Row],[Discount]]>1),"Check discount",IF(Table3[[#This Row],[Current Price]]>Table3[[#This Row],[Old Price]],"Check prices","OK"))) -> Check rating
A79: 7PCS Silicone Thumb Knife Finger Protector Vegetable Harvesting Knife | B79: 230 | C79: =IF(Table3[[#This Row],[Current Price]]="","Missing",IF(Table3[[#This Row],[Current Price]]<=Price_Q1,"Low Price",IF(Table3[[#This Row],[Current Price]]<=Price_Q3,"Medium Price","High Price"))) -> Low Price | D79: 450 | E79: 0.49 | F79: =IF(Table3[[#This Row],[Discount]]="","Missing",IF(Table3[[#This Row],[Discount]]<0.2,"Low Discount",IF(Table3[[#This Row],[Discount]]<=0.4,"Medium Discount","High Discount"))) -> High Discount | G79: =Table3[[#This Row],[Old Price]]-Table3[[#This Row],[Current Price]] -> 220 | J79: =IF(Table3[[#This Row],[Rating]]="","Missing",IF(Table3[[#This Row],[Rating]]<3,"Poor",IF(Table3[[#This Row],[Rating]]<=4.5,"Average","Excellent"))) -> Missing | K79: =IF(OR(Table3[[#This Row],[Rating]]<0,Table3[[#This Row],[Rating]]>5),"Check rating",IF(OR(Table3[[#This Row],[Discount]]<0,Table3[[#This Row],[Discount]]>1),"Check discount",IF(Table3[[#This Row],[Current Price]]>Table3[[#This Row],[Old Price]],"Check prices","OK"))) -> Check rating
A80: Memory Foam Neck Pillow Cover, With Pillow Core - 50*30cm | B80: 1189 | C80: =IF(Table3[[#This Row],[Current Price]]="","Missing",IF(Table3[[#This Row],[Current Price]]<=Price_Q1,"Low Price",IF(Table3[[#This Row],[Current Price]]<=Price_Q3,"Medium Price","High Price"))) -> Medium Price | D80: 2199 | E80: 0.46 | F80: =IF(Table3[[#This Row],[Discount]]="","Missing",IF(Table3[[#This Row],[Discount]]<0.2,"Low Discount",IF(Table3[[#This Row],[Discount]]<=0.4,"Medium Discount","High Discount"))) -> High Discount | G80: =Table3[[#This Row],[Old Price]]-Table3[[#This Row],[Current Price]] -> 1010 | H80: 1 | I80: 3 | J80: =IF(Table3[[#This Row],[Rating]]="","Missing",IF(Table3[[#This Row],[Rating]]<3,"Poor",IF(Table3[[#This Row],[Rating]]<=4.5,"Average","Excellent"))) -> Average | K80: =IF(OR(Table3[[#This Row],[Rating]]<0,Table3[[#This Row],[Rating]]>5),"Check rating",IF(OR(Table3[[#This Row],[Discount]]<0,Table3[[#This Row],[Discount]]>1),"Check discount",IF(Table3[[#This Row],[Current Price]]>Table3[[#This Row],[Old Price]],"Check prices","OK"))) -> OK
A81: Bedroom Simple Floor Hanging Clothes Rack Single Pole Hat Rack - White | B81: 979 | C81: =IF(Table3[[#This Row],[Current Price]]="","Missing",IF(Table3[[#This Row],[Current Price]]<=Price_Q1,"Low Price",IF(Table3[[#This Row],[Current Price]]<=Price_Q3,"Medium Price","High Price"))) -> Medium Price | D81: 1920 | E81: 0.49 | F81: =IF(Table3[[#This Row],[Discount]]="","Missing",IF(Table3[[#This Row],[Discount]]<0.2,"Low Discount",IF(Table3[[#This Row],[Discount]]<=0.4,"Medium Discount","High Discount"))) -> High Discount | G81: =Table3[[#This Row],[Old Price]]-Table3[[#This Row],[Current Price]] -> 941 | H81: 1 | I81: 5 | J81: =IF(Table3[[#This Row],[Rating]]="","Missing",IF(Table3[[#This Row],[Rating]]<3,"Poor",IF(Table3[[#This Row],[Rating]]<=4.5,"Average","Excellent"))) -> Excellent | K81: =IF(OR(Table3[[#This Row],[Rating]]<0,Table3[[#This Row],[Rating]]>5),"Check rating",IF(OR(Table3[[#This Row],[Discount]]<0,Table3[[#This Row],[Discount]]>1),"Check discount",IF(Table3[[#This Row],[Current Price]]>Table3[[#This Row],[Old Price]],"Check prices","OK"))) -> OK
A82: 5m Waterproof Spherical LED String Lights Outdoor Ball Chain Lights Party Lighting Decoration Adjustable | B82: 1460 | C82: =IF(Table3[[#This Row],[Current Price]]="","Missing",IF(Table3[[#This Row],[Current Price]]<=Price_Q1,"Low Price",IF(Table3[[#This Row],[Current Price]]<=Price_Q3,"Medium Price","High Price"))) -> Medium Price | D82: 2290 | E82: 0.36 | F82: =IF(Table3[[#This Row],[Discount]]="","Missing",IF(Table3[[#This Row],[Discount]]<0.2,"Low Discount",IF(Table3[[#This Row],[Discount]]<=0.4,"Medium Discount","High Discount"))) -> Medium Discount | G82: =Table3[[#This Row],[Old Price]]-Table3[[#This Row],[Current Price]] -> 830 | J82: =IF(Table3[[#This Row],[Rating]]="","Missing",IF(Table3[[#This Row],[Rating]]<3,"Poor",IF(Table3[[#This Row],[Rating]]<=4.5,"Average","Excellent"))) -> Missing | K82: =IF(OR(Table3[[#This Row],[Rating]]<0,Table3[[#This Row],[Rating]]>5),"Check rating",IF(OR(Table3[[#This Row],[Discount]]<0,Table3[[#This Row],[Discount]]>1),"Check discount",IF(Table3[[#This Row],[Current Price]]>Table3[[#This Row],[Old Price]],"Check prices","OK"))) -> Check rating
A83: 2 Pairs Cowhide Split Leather Work Gloves.32â„‰ Or Above Welding Gloves | B83: 1666 | C83: =IF(Table3[[#This Row],[Current Price]]="","Missing",IF(Table3[[#This Row],[Current Price]]<=Price_Q1,"Low Price",IF(Table3[[#This Row],[Current Price]]<=Price_Q3,"Medium Price","High Price"))) -> Medium Price | D83: 1699 | E83: 0.02 | F83: =IF(Table3[[#This Row],[Discount]]="","Missing",IF(Table3[[#This Row],[Discount]]<0.2,"Low Discount",IF(Table3[[#This Row],[Discount]]<=0.4,"Medium Discount","High Discount"))) -> Low Discount | G83: =Table3[[#This Row],[Old Price]]-Table3[[#This Row],[Current Price]] -> 33 | J83: =IF(Table3[[#This Row],[Rating]]="","Missing",IF(Table3[[#This Row],[Rating]]<3,"Poor",IF(Table3[[#This Row],[Rating]]<=4.5,"Average","Excellent"))) -> Missing | K83: =IF(OR(Table3[[#This Row],[Rating]]<0,Table3[[#This Row],[Rating]]>5),"Check rating",IF(OR(Table3[[#This Row],[Discount]]<0,Table3[[#This Row],[Discount]]>1),"Check discount",IF(Table3[[#This Row],[Current Price]]>Table3[[#This Row],[Old Price]],"Check prices","OK"))) -> Check rating
A84: Household Pineapple Peeler Peeler | B84: 330 | C84: =IF(Table3[[#This Row],[Current Price]]="","Missing",IF(Table3[[#This Row],[Current Price]]<=Price_Q1,"Low Price",IF(Table3[[#This Row],[Current Price]]<=Price_Q3,"Medium Price","High Price"))) -> Low Price | D84: 647 | E84: 0.49 | F84: =IF(Table3[[#This Row],[Discount]]="","Missing",IF(Table3[[#This Row],[Discount]]<0.2,"Low Discount",IF(Table3[[#This Row],[Discount]]<=0.4,"Medium Discount","High Discount"))) -> High Discount | G84: =Table3[[#This Row],[Old Price]]-Table3[[#This Row],[Current Price]] -> 317 | H84: 1 | I84: 4 | J84: =IF(Table3[[#This Row],[Rating]]="","Missing",IF(Table3[[#This Row],[Rating]]<3,"Poor",IF(Table3[[#This Row],[Rating]]<=4.5,"Average","Excellent"))) -> Average | K84: =IF(OR(Table3[[#This Row],[Rating]]<0,Table3[[#This Row],[Rating]]>5),"Check rating",IF(OR(Table3[[#This Row],[Discount]]<0,Table3[[#This Row],[Discount]]>1),"Check discount",IF(Table3[[#This Row],[Current Price]]>Table3[[#This Row],[Old Price]],"Check prices","OK"))) -> OK
A85: Creative Owl Shape Keychain Black | B85: 176 | C85: =IF(Table3[[#This Row],[Current Price]]="","Missing",IF(Table3[[#This Row],[Current Price]]<=Price_Q1,"Low Price",IF(Table3[[#This Row],[Current Price]]<=Price_Q3,"Medium Price","High Price"))) -> Low Price | D85: 345 | E85: 0.49 | F85: =IF(Table3[[#This Row],[Discount]]="","Missing",IF(Table3[[#This Row],[Discount]]<0.2,"Low Discount",IF(Table3[[#This Row],[Discount]]<=0.4,"Medium Discount","High Discount"))) -> High Discount | G85: =Table3[[#This Row],[Old Price]]-Table3[[#This Row],[Current Price]] -> 169 | J85: =IF(Table3[[#This Row],[Rating]]="","Missing",IF(Table3[[#This Row],[Rating]]<3,"Poor",IF(Table3[[#This Row],[Rating]]<=4.5,"Average","Excellent"))) -> Missing | K85: =IF(OR(Table3[[#This Row],[Rating]]<0,Table3[[#This Row],[Rating]]>5),"Check rating",IF(OR(Table3[[#This Row],[Discount]]<0,Table3[[#This Row],[Discount]]>1),"Check discount",IF(Table3[[#This Row],[Current Price]]>Table3[[#This Row],[Old Price]],"Check prices","OK"))) -> Check rating
A86: Office Chair Lumbar Back Support Spine Posture Correction Pillow Car Cushion | B86: 1466 | C86: =IF(Table3[[#This Row],[Current Price]]="","Missing",IF(Table3[[#This Row],[Current Price]]<=Price_Q1,"Low Price",IF(Table3[[#This Row],[Current Price]]<=Price_Q3,"Medium Price","High Price"))) -> Medium Price | D86: 1699 | E86: 0.14 | F86: =IF(Table3[[#This Row],[Discount]]="","Missing",IF(Table3[[#This Row],[Discount]]<0.2,"Low Discount",IF(Table3[[#This Row],[Discount]]<=0.4,"Medium Discount","High Discount"))) -> Low Discount | G86: =Table3[[#This Row],[Old Price]]-Table3[[#This Row],[Current Price]] -> 233 | J86: =IF(Table3[[#This Row],[Rating]]="","Missing",IF(Table3[[#This Row],[Rating]]<3,"Poor",IF(Table3[[#This Row],[Rating]]<=4.5,"Average","Excellent"))) -> Missing | K86: =IF(OR(Table3[[#This Row],[Rating]]<0,Table3[[#This Row],[Rating]]>5),"Check rating",IF(OR(Table3[[#This Row],[Discount]]<0,Table3[[#This Row],[Discount]]>1),"Check discount",IF(Table3[[#This Row],[Current Price]]>Table3[[#This Row],[Old Price]],"Check prices","OK"))) -> Check rating
A87: Cartoon Car Decoration Cute Individuality For Car Home Desk | B87: 274 | C87: =IF(Table3[[#This Row],[Current Price]]="","Missing",IF(Table3[[#This Row],[Current Price]]<=Price_Q1,"Low Price",IF(Table3[[#This Row],[Current Price]]<=Price_Q3,"Medium Price","High Price"))) -> Low Price | D87: 537 | E87: 0.49 | F87: =IF(Table3[[#This Row],[Discount]]="","Missing",IF(Table3[[#This Row],[Discount]]<0.2,"Low Discount",IF(Table3[[#This Row],[Discount]]<=0.4,"Medium Discount","High Discount"))) -> High Discount | G87: =Table3[[#This Row],[Old Price]]-Table3[[#This Row],[Current Price]] -> 263 | J87: =IF(Table3[[#This Row],[Rating]]="","Missing",IF(Table3[[#This Row],[Rating]]<3,"Poor",IF(Table3[[#This Row],[Rating]]<=4.5,"Average","Excellent"))) -> Missing | K87: =IF(OR(Table3[[#This Row],[Rating]]<0,Table3[[#This Row],[Rating]]>5),"Check rating",IF(OR(Table3[[#This Row],[Discount]]<0,Table3[[#This Row],[Discount]]>1),"Check discount",IF(Table3[[#This Row],[Current Price]]>Table3[[#This Row],[Old Price]],"Check prices","OK"))) -> Check rating
A88: Outdoor Portable Water Bottle With Medicine Box - 600ML - Black | B88: 799 | C88: =IF(Table3[[#This Row],[Current Price]]="","Missing",IF(Table3[[#This Row],[Current Price]]<=Price_Q1,"Low Price",IF(Table3[[#This Row],[Current Price]]<=Price_Q3,"Medium Price","High Price"))) -> Medium Price | D88: 900 | E88: 0.11 | F88: =IF(Table3[[#This Row],[Discount]]="","Missing",IF(Table3[[#This Row],[Discount]]<0.2,"Low Discount",IF(Table3[[#This Row],[Discount]]<=0.4,"Medium Discount","High Discount"))) -> Low Discount | G88: =Table3[[#This Row],[Old Price]]-Table3[[#This Row],[Current Price]] -> 101 | J88: =IF(Table3[[#This Row],[Rating]]="","Missing",IF(Table3[[#This Row],[Rating]]<3,"Poor",IF(Table3[[#This Row],[Rating]]<=4.5,"Average","Excellent"))) -> Missing | K88: =IF(OR(Table3[[#This Row],[Rating]]<0,Table3[[#This Row],[Rating]]>5),"Check rating",IF(OR(Table3[[#This Row],[Discount]]<0,Table3[[#This Row],[Discount]]>1),"Check discount",IF(Table3[[#This Row],[Current Price]]>Table3[[#This Row],[Old Price]],"Check prices","OK"))) -> Check rating
A89: Angle Measuring Tool Full Metal Multi Angle Measuring Tool | B89: 657 | C89: =IF(Table3[[#This Row],[Current Price]]="","Missing",IF(Table3[[#This Row],[Current Price]]<=Price_Q1,"Low Price",IF(Table3[[#This Row],[Current Price]]<=Price_Q3,"Medium Price","High Price"))) -> Medium Price | D89: 1288 | E89: 0.49 | F89: =IF(Table3[[#This Row],[Discount]]="","Missing",IF(Table3[[#This Row],[Discount]]<0.2,"Low Discount",IF(Table3[[#This Row],[Discount]]<=0.4,"Medium Discount","High Discount"))) -> High Discount | G89: =Table3[[#This Row],[Old Price]]-Table3[[#This Row],[Current Price]] -> 631 | J89: =IF(Table3[[#This Row],[Rating]]="","Missing",IF(Table3[[#This Row],[Rating]]<3,"Poor",IF(Table3[[#This Row],[Rating]]<=4.5,"Average","Excellent"))) -> Missing | K89: =IF(OR(Table3[[#This Row],[Rating]]<0,Table3[[#This Row],[Rating]]>5),"Check rating",IF(OR(Table3[[#This Row],[Discount]]<0,Table3[[#This Row],[Discount]]>1),"Check discount",IF(Table3[[#This Row],[Current Price]]>Table3[[#This Row],[Old Price]],"Check prices","OK"))) -> Check rating
A90: Wall-Mounted Toothbrush Toothpaste Holder With Multiple Slots | B90: 1468 | C90: =IF(Table3[[#This Row],[Current Price]]="","Missing",IF(Table3[[#This Row],[Current Price]]<=Price_Q1,"Low Price",IF(Table3[[#This Row],[Current Price]]<=Price_Q3,"Medium Price","High Price"))) -> Medium Price | D90: 1699 | E90: 0.14 | F90: =IF(Table3[[#This Row],[Discount]]="","Missing",IF(Table3[[#This Row],[Discount]]<0.2,"Low Discount",IF(Table3[[#This Row],[Discount]]<=0.4,"Medium Discount","High Discount"))) -> Low Discount | G90: =Table3[[#This Row],[Old Price]]-Table3[[#This Row],[Current Price]] -> 231 | J90: =IF(Table3[[#This Row],[Rating]]="","Missing",IF(Table3[[#This Row],[Rating]]<3,"Poor",IF(Table3[[#This Row],[Rating]]<=4.5,"Average","Excellent"))) -> Missing | K90: =IF(OR(Table3[[#This Row],[Rating]]<0,Table3[[#This Row],[Rating]]>5),"Check rating",IF(OR(Table3[[#This Row],[Discount]]<0,Table3[[#This Row],[Discount]]>1),"Check discount",IF(Table3[[#This Row],[Current Price]]>Table3[[#This Row],[Old Price]],"Check prices","OK"))) -> Check rating
A91: Multifunctional Hanging Storage Box Storage Bag (4 Layers) | B91: 630 | C91: =IF(Table3[[#This Row],[Current Price]]="","Missing",IF(Table3[[#This Row],[Current Price]]<=Price_Q1,"Low Price",IF(Table3[[#This Row],[Current Price]]<=Price_Q3,"Medium Price","High Price"))) -> Medium Price | D91: 1100 | E91: 0.43 | F91: =IF(Table3[[#This Row],[Discount]]="","Missing",IF(Table3[[#This Row],[Discount]]<0.2,"Low Discount",IF(Table3[[#This Row],[Discount]]<=0.4,"Medium Discount","High Discount"))) -> High Discount | G91: =Table3[[#This Row],[Old Price]]-Table3[[#This Row],[Current Price]] -> 470 | J91: =IF(Table3[[#This Row],[Rating]]="","Missing",IF(Table3[[#This Row],[Rating]]<3,"Poor",IF(Table3[[#This Row],[Rating]]<=4.5,"Average","Excellent"))) -> Missing | K91: =IF(OR(Table3[[#This Row],[Rating]]<0,Table3[[#This Row],[Rating]]>5),"Check rating",IF(OR(Table3[[#This Row],[Discount]]<0,Table3[[#This Row],[Discount]]>1),"Check discount",IF(Table3[[#This Row],[Current Price]]>Table3[[#This Row],[Old Price]],"Check prices","OK"))) -> Check rating
A92: Wall Clock With Hidden Safe Box | B92: 850 | C92: =IF(Table3[[#This Row],[Current Price]]="","Missing",IF(Table3[[#This Row],[Current Price]]<=Price_Q1,"Low Price",IF(Table3[[#This Row],[Current Price]]<=Price_Q3,"Medium Price","High Price"))) -> Medium Price | D92: 1700 | E92: 0.5 | F92: =IF(Table3[[#This Row],[Discount]]="","Missing",IF(Table3[[#This Row],[Discount]]<0.2,"Low Discount",IF(Table3[[#This Row],[Discount]]<=0.4,"Medium Discount","High Discount"))) -> High Discount | G92: =Table3[[#This Row],[Old Price]]-Table3[[#This Row],[Current Price]] -> 850 | J92: =IF(Table3[[#This Row],[Rating]]="","Missing",IF(Table3[[#This Row],[Rating]]<3,"Poor",IF(Table3[[#This Row],[Rating]]<=4.5,"Average","Excellent"))) -> Missing | K92: =IF(OR(Table3[[#This Row],[Rating]]<0,Table3[[#This Row],[Rating]]>5),"Check rating",IF(OR(Table3[[#This Row],[Discount]]<0,Table3[[#This Row],[Discount]]>1),"Check discount",IF(Table3[[#This Row],[Current Price]]>Table3[[#This Row],[Old Price]],"Check prices","OK"))) -> Check rating
A93: Portable Wine Table With Folding Round Table | B93: 1300 | C93: =IF(Table3[[#This Row],[Current Price]]="","Missing",IF(Table3[[#This Row],[Current Price]]<=Price_Q1,"Low Price",IF(Table3[[#This Row],[Current Price]]<=Price_Q3,"Medium Price","High Price"))) -> Medium Price | D93: 2500 | E93: 0.48 | F93: =IF(Table3[[#This Row],[Discount]]="","Missing",IF(Table3[[#This Row],[Discount]]<0.2,"Low Discount",IF(Table3[[#This Row],[Discount]]<=0.4,"Medium Discount","High Discount"))) -> High Discount | G93: =Table3[[#This Row],[Old Price]]-Table3[[#This Row],[Current Price]] -> 1200 | J93: =IF(Table3[[#This Row],[Rating]]="","Missing",IF(Table3[[#This Row],[Rating]]<3,"Poor",IF(Table3[[#This Row],[Rating]]<=4.5,"Average","Excellent"))) -> Missing | K93: =IF(OR(Table3[[#This Row],[Rating]]<0,Table3[[#This Row],[Rating]]>5),"Check rating",IF(OR(Table3[[#This Row],[Discount]]<0,Table3[[#This Row],[Discount]]>1),"Check discount",IF(Table3[[#This Row],[Current Price]]>Table3[[#This Row],[Old Price]],"Check prices","OK"))) -> Check rating
A94: Sewing Machine Needle Threader Stitch Insertion Tool Automatic Quick Sewing | B94: 105 | C94: =IF(Table3[[#This Row],[Current Price]]="","Missing",IF(Table3[[#This Row],[Current Price]]<=Price_Q1,"Low Price",IF(Table3[[#This Row],[Current Price]]<=Price_Q3,"Medium Price","High Price"))) -> Low Price | D94: 200 | E94: 0.48 | F94: =IF(Table3[[#This Row],[Discount]]="","Missing",IF(Table3[[#This Row],[Discount]]<0.2,"Low Discount",IF(Table3[[#This Row],[Discount]]<=0.4,"Medium Discount","High Discount"))) -> High Discount | G94: =Table3[[#This Row],[Old Price]]-Table3[[#This Row],[Current Price]] -> 95 | J94: =IF(Table3[[#This Row],[Rating]]="","Missing",IF(Table3[[#This Row],[Rating]]<3,"Poor",IF(Table3[[#This Row],[Rating]]<=4.5,"Average","Excellent"))) -> Missing | K94: =IF(OR(Table3[[#This Row],[Rating]]<0,Table3[[#This Row],[Rating]]>5),"Check rating",IF(OR(Table3[[#This Row],[Discount]]<0,Table3[[#This Row],[Discount]]>1),"Check discount",IF(Table3[[#This Row],[Current Price]]>Table3[[#This Row],[Old Price]],"Check prices","OK"))) -> Check rating
A95: 6 Layers Steel Pipe Assembling Dustproof Storage Shoe Cabinet | B95: 899 | C95: =IF(Table3[[#This Row],[Current Price]]="","Missing",IF(Table3[[#This Row],[Current Price]]<=Price_Q1,"Low Price",IF(Table3[[#This Row],[Current Price]]<=Price_Q3,"Medium Price","High Price"))) -> Medium Price | D95: 1699 | E95: 0.47 | F95: =IF(Table3[[#This Row],[Discount]]="","Missing",IF(Table3[[#This Row],[Discount]]<0.2,"Low Discount",IF(Table3[[#This Row],[Discount]]<=0.4,"Medium Discount","High Discount"))) -> High Discount | G95: =Table3[[#This Row],[Old Price]]-Table3[[#This Row],[Current Price]] -> 800 | J95: =IF(Table3[[#This Row],[Rating]]="","Missing",IF(Table3[[#This Row],[Rating]]<3,"Poor",IF(Table3[[#This Row],[Rating]]<=4.5,"Average","Excellent"))) -> Missing | K95: =IF(OR(Table3[[#This Row],[Rating]]<0,Table3[[#This Row],[Rating]]>5),"Check rating",IF(OR(Table3[[#This Row],[Discount]]<0,Table3[[#This Row],[Discount]]>1),"Check discount",IF(Table3[[#This Row],[Current Price]]>Table3[[#This Row],[Old Price]],"Check prices","OK"))) -> Check rating
A96: 2PCS Ice Silk Square Cushion Cover Pillowcases - 65x65cm | B96: 1200 | C96: =IF(Table3[[#This Row],[Current Price]]="","Missing",IF(Table3[[#This Row],[Current Price]]<=Price_Q1,"Low Price",IF(Table3[[#This Row],[Current Price]]<=Price_Q3,"Medium Price","High Price"))) -> Medium Price | D96: 2400 | E96: 0.5 | F96: =IF(Table3[[#This Row],[Discount]]="","Missing",IF(Table3[[#This Row],[Discount]]<0.2,"Low Discount",IF(Table3[[#This Row],[Discount]]<=0.4,"Medium Discount","High Discount"))) -> High Discount | G96: =Table3[[#This Row],[Old Price]]-Table3[[#This Row],[Current Price]] -> 1200 | J96: =IF(Table3[[#This Row],[Rating]]="","Missing",IF(Table3[[#This Row],[Rating]]<3,"Poor",IF(Table3[[#This Row],[Rating]]<=4.5,"Average","Excellent"))) -> Missing | K96: =IF(OR(Table3[[#This Row],[Rating]]<0,Table3[[#This Row],[Rating]]>5),"Check rating",IF(OR(Table3[[#This Row],[Discount]]<0,Table3[[#This Row],[Discount]]>1),"Check discount",IF(Table3[[#This Row],[Current Price]]>Table3[[#This Row],[Old Price]],"Check prices","OK"))) -> Check rating
... A102: 8in1 Screwdriver With LED Light | B102: 1080 | C102: =IF(Table3[[#This Row],[Current Price]]="","Missing",IF(Table3[[#This Row],[Current Price]]<=Price_Q1,"Low Price",IF(Table3[[#This Row],[Current Price]]<=Price_Q3,"Medium Price","High Price"))) -> Medium Price | D102: 1874 | E102: 0.42 | F102: =IF(Table3[[#This Row],[Discount]]="","Missing",IF(Table3[[#This Row],[Discount]]<0.2,"Low Discount",IF(Table3[[#This Row],[Discount]]<=0.4,"Medium Discount","High Discount"))) -> High Discount | G102: =Table3[[#This Row],[Old Price]]-Table3[[#This Row],[Current Price]] -> 794 | J102: =IF(Table3[[#This Row],[Rating]]="","Missing",IF(Table3[[#This Row],[Rating]]<3,"Poor",IF(Table3[[#This Row],[Rating]]<=4.5,"Average","Excellent"))) -> Missing | K102: =IF(OR(Table3[[#This Row],[Rating]]<0,Table3[[#This Row],[Rating]]>5),"Check rating",IF(OR(Table3[[#This Row],[Discount]]<0,Table3[[#This Row],[Discount]]>1),"Check discount",IF(Table3[[#This Row],[Current Price]]>Table3[[#This Row],[Old Price]],"Check prices","OK"))) -> Check rating
A103: Konka Healty Electric Kettle, 24-hour Heat Preservation,1.5L,800W, White | B103: 3640 | C103: =IF(Table3[[#This Row],[Current Price]]="","Missing",IF(Table3[[#This Row],[Current Price]]<=Price_Q1,"Low Price",IF(Table3[[#This Row],[Current Price]]<=Price_Q3,"Medium Price","High Price"))) -> High Price | D103: 4588 | E103: 0.21 | F103: =IF(Table3[[#This Row],[Discount]]="","Missing",IF(Table3[[#This Row],[Discount]]<0.2,"Low Discount",IF(Table3[[#This Row],[Discount]]<=0.4,"Medium Discount","High Discount"))) -> Medium Discount | G103: =Table3[[#This Row],[Old Price]]-Table3[[#This Row],[Current Price]] -> 948 | H103: 1 | I103: 5 | J103: =IF(Table3[[#This Row],[Rating]]="","Missing",IF(Table3[[#This Row],[Rating]]<3,"Poor",IF(Table3[[#This Row],[Rating]]<=4.5,"Average","Excellent"))) -> Excellent | K103: =IF(OR(Table3[[#This Row],[Rating]]<0,Table3[[#This Row],[Rating]]>5),"Check rating",IF(OR(Table3[[#This Row],[Discount]]<0,Table3[[#This Row],[Discount]]>1),"Check discount",IF(Table3[[#This Row],[Current Price]]>Table3[[#This Row],[Old Price]],"Check prices","OK"))) -> OK
A104: 9pcs Gas Mask, For Painting, Dust, Formaldehyde Grinding, Polishing | B104: 1420 | C104: =IF(Table3[[#This Row],[Current Price]]="","Missing",IF(Table3[[#This Row],[Current Price]]<=Price_Q1,"Low Price",IF(Table3[[#This Row],[Current Price]]<=Price_Q3,"Medium Price","High Price"))) -> Medium Price | D104: 2420 | E104: 0.41 | F104: =IF(Table3[[#This Row],[Discount]]="","Missing",IF(Table3[[#This Row],[Discount]]<0.2,"Low Discount",IF(Table3[[#This Row],[Discount]]<=0.4,"Medium Discount","High Discount"))) -> High Discount | G104: =Table3[[#This Row],[Old Price]]-Table3[[#This Row],[Current Price]] -> 1000 | J104: =IF(Table3[[#This Row],[Rating]]="","Missing",IF(Table3[[#This Row],[Rating]]<3,"Poor",IF(Table3[[#This Row],[Rating]]<=4.5,"Average","Excellent"))) -> Missing | K104: =IF(OR(Table3[[#This Row],[Rating]]<0,Table3[[#This Row],[Rating]]>5),"Check rating",IF(OR(Table3[[#This Row],[Discount]]<0,Table3[[#This Row],[Discount]]>1),"Check discount",IF(Table3[[#This Row],[Current Price]]>Table3[[#This Row],[Old Price]],"Check prices","OK"))) -> Check rating
A105: 24 Grid Wall-mounted Sundries Organiser Fabric Closet Bag Storage Rack | B105: 1875 | C105: =IF(Table3[[#This Row],[Current Price]]="","Missing",IF(Table3[[#This Row],[Current Price]]<=Price_Q1,"Low Price",IF(Table3[[#This Row],[Current Price]]<=Price_Q3,"Medium Price","High Price"))) -> High Price | D105: 1899 | E105: 0.01 | F105: =IF(Table3[[#This Row],[Discount]]="","Missing",IF(Table3[[#This Row],[Discount]]<0.2,"Low Discount",IF(Table3[[#This Row],[Discount]]<=0.4,"Medium Discount","High Discount"))) -> Low Discount | G105: =Table3[[#This Row],[Old Price]]-Table3[[#This Row],[Current Price]] -> 24 | J105: =IF(Table3[[#This Row],[Rating]]="","Missing",IF(Table3[[#This Row],[Rating]]<3,"Poor",IF(Table3[[#This Row],[Rating]]<=4.5,"Average","Excellent"))) -> Missing | K105: =IF(OR(Table3[[#This Row],[Rating]]<0,Table3[[#This Row],[Rating]]>5),"Check rating",IF(OR(Table3[[#This Row],[Discount]]<0,Table3[[#This Row],[Discount]]>1),"Check discount",IF(Table3[[#This Row],[Current Price]]>Table3[[#This Row],[Old Price]],"Check prices","OK"))) -> Check rating
A106: 1PC Refrigerator Food Seal Pocket Fridge Bags | B106: 198 | C106: =IF(Table3[[#This Row],[Current Price]]="","Missing",IF(Table3[[#This Row],[Current Price]]<=Price_Q1,"Low Price",IF(Table3[[#This Row],[Current Price]]<=Price_Q3,"Medium Price","High Price"))) -> Low Price | D106: 260 | E106: 0.24 | F106: =IF(Table3[[#This Row],[Discount]]="","Missing",IF(Table3[[#This Row],[Discount]]<0.2,"Low Discount",IF(Table3[[#This Row],[Discount]]<=0.4,"Medium Discount","High Discount"))) -> Medium Discount | G106: =Table3[[#This Row],[Old Price]]-Table3[[#This Row],[Current Price]] -> 62 | J106: =IF(Table3[[#This Row],[Rating]]="","Missing",IF(Table3[[#This Row],[Rating]]<3,"Poor",IF(Table3[[#This Row],[Rating]]<=4.5,"Average","Excellent"))) -> Missing | K106: =IF(OR(Table3[[#This Row],[Rating]]<0,Table3[[#This Row],[Rating]]>5),"Check rating",IF(OR(Table3[[#This Row],[Discount]]<0,Table3[[#This Row],[Discount]]>1),"Check discount",IF(Table3[[#This Row],[Current Price]]>Table3[[#This Row],[Old Price]],"Check prices","OK"))) -> Check rating
A107: LED Solar Street Light-fake Camera | B107: 1150 | C107: =IF(Table3[[#This Row],[Current Price]]="","Missing",IF(Table3[[#This Row],[Current Price]]<=Price_Q1,"Low Price",IF(Table3[[#This Row],[Current Price]]<=Price_Q3,"Medium Price","High Price"))) -> Medium Price | D107: 1737 | E107: 0.34 | F107: =IF(Table3[[#This Row],[Discount]]="","Missing",IF(Table3[[#This Row],[Discount]]<0.2,"Low Discount",IF(Table3[[#This Row],[Discount]]<=0.4,"Medium Discount","High Discount"))) -> Medium Discount | G107: =Table3[[#This Row],[Old Price]]-Table3[[#This Row],[Current Price]] -> 587 | J107: =IF(Table3[[#This Row],[Rating]]="","Missing",IF(Table3[[#This Row],[Rating]]<3,"Poor",IF(Table3[[#This Row],[Rating]]<=4.5,"Average","Excellent"))) -> Missing | K107: =IF(OR(Table3[[#This Row],[Rating]]<0,Table3[[#This Row],[Rating]]>5),"Check rating",IF(OR(Table3[[#This Row],[Discount]]<0,Table3[[#This Row],[Discount]]>1),"Check discount",IF(Table3[[#This Row],[Current Price]]>Table3[[#This Row],[Old Price]],"Check prices","OK"))) -> Check rating
A108: Cartoon Embroidered Mini Towel Bear Cotton Wash Cloth Hand 4pcs | B108: 1190 | C108: =IF(Table3[[#This Row],[Current Price]]="","Missing",IF(Table3[[#This Row],[Current Price]]<=Price_Q1,"Low Price",IF(Table3[[#This Row],[Current Price]]<=Price_Q3,"Medium Price","High Price"))) -> Medium Price | D108: 1810 | E108: 0.34 | F108: =IF(Table3[[#This Row],[Discount]]="","Missing",IF(Table3[[#This Row],[Discount]]<0.2,"Low Discount",IF(Table3[[#This Row],[Discount]]<=0.4,"Medium Discount","High Discount"))) -> Medium Discount | G108: =Table3[[#This Row],[Old Price]]-Table3[[#This Row],[Current Price]] -> 620 | J108: =IF(Table3[[#This Row],[Rating]]="","Missing",IF(Table3[[#This Row],[Rating]]<3,"Poor",IF(Table3[[#This Row],[Rating]]<=4.5,"Average","Excellent"))) -> Missing | K108: =IF(OR(Table3[[#This Row],[Rating]]<0,Table3[[#This Row],[Rating]]>5),"Check rating",IF(OR(Table3[[#This Row],[Discount]]<0,Table3[[#This Row],[Discount]]>1),"Check discount",IF(Table3[[#This Row],[Current Price]]>Table3[[#This Row],[Old Price]],"Check prices","OK"))) -> Check rating
A109: Shower Nozzle Cleaning Unclogging Needle Mini Crevice Small Hole Cleaning Brush | B109: 1658 | C109: =IF(Table3[[#This Row],[Current Price]]="","Missing",IF(Table3[[#This Row],[Current Price]]<=Price_Q1,"Low Price",IF(Table3[[#This Row],[Current Price]]<=Price_Q3,"Medium Price","High Price"))) -> Medium Price | D109: 1699 | E109: 0.02 | F109: =IF(Table3[[#This Row],[Discount]]="","Missing",IF(Table3[[#This Row],[Discount]]<0.2,"Low Discount",IF(Table3[[#This Row],[Discount]]<=0.4,"Medium Discount","High Discount"))) -> Low Discount | G109: =Table3[[#This Row],[Old Price]]-Table3[[#This Row],[Current Price]] -> 41 | J109: =IF(Table3[[#This Row],[Rating]]="","Missing",IF(Table3[[#This Row],[Rating]]<3,"Poor",IF(Table3[[#This Row],[Rating]]<=4.5,"Average","Excellent"))) -> Missing | K109: =IF(OR(Table3[[#This Row],[Rating]]<0,Table3[[#This Row],[Rating]]>5),"Check rating",IF(OR(Table3[[#This Row],[Discount]]<0,Table3[[#This Row],[Discount]]>1),"Check discount",IF(Table3[[#This Row],[Current Price]]>Table3[[#This Row],[Old Price]],"Check prices","OK"))) -> Check rating
A110: Thickening Multipurpose Non Stick Easy To Clean Heat Resistant Spoon Pad | B110: 1768 | C110: =IF(Table3[[#This Row],[Current Price]]="","Missing",IF(Table3[[#This Row],[Current Price]]<=Price_Q1,"Low Price",IF(Table3[[#This Row],[Current Price]]<=Price_Q3,"Medium Price","High Price"))) -> High Price | D110: 1799 | E110: 0.02 | F110: =IF(Table3[[#This Row],[Discount]]="","Missing",IF(Table3[[#This Row],[Discount]]<0.2,"Low Discount",IF(Table3[[#This Row],[Discount]]<=0.4,"Medium Discount","High Discount"))) -> Low Discount | G110: =Table3[[#This Row],[Old Price]]-Table3[[#This Row],[Current Price]] -> 31 | J110: =IF(Table3[[#This Row],[Rating]]="","Missing",IF(Table3[[#This Row],[Rating]]<3,"Poor",IF(Table3[[#This Row],[Rating]]<=4.5,"Average","Excellent"))) -> Missing | K110: =IF(OR(Table3[[#This Row],[Rating]]<0,Table3[[#This Row],[Rating]]>5),"Check rating",IF(OR(Table3[[#This Row],[Discount]]<0,Table3[[#This Row],[Discount]]>1),"Check discount",IF(Table3[[#This Row],[Current Price]]>Table3[[#This Row],[Old Price]],"Check prices","OK"))) -> Check rating
A111: 6 In 1 Bottle Can Opener Multifunctional Easy Opener | B111: 199 | C111: =IF(Table3[[#This Row],[Current Price]]="","Missing",IF(Table3[[#This Row],[Current Price]]<=Price_Q1,"Low Price",IF(Table3[[#This Row],[Current Price]]<=Price_Q3,"Medium Price","High Price"))) -> Low Price | D111: 553 | E111: 0.64 | F111: =IF(Table3[[#This Row],[Discount]]="","Missing",IF(Table3[[#This Row],[Discount]]<0.2,"Low Discount",IF(Table3[[#This Row],[Discount]]<=0.4,"Medium Discount","High Discount"))) -> High Discount | G111: =Table3[[#This Row],[Old Price]]-Table3[[#This Row],[Current Price]] -> 354 | J111: =IF(Table3[[#This Row],[Rating]]="","Missing",IF(Table3[[#This Row],[Rating]]<3,"Poor",IF(Table3[[#This Row],[Rating]]<=4.5,"Average","Excellent"))) -> Missing | K111: =IF(OR(Table3[[#This Row],[Rating]]<0,Table3[[#This Row],[Rating]]>5),"Check rating",IF(OR(Table3[[#This Row],[Discount]]<0,Table3[[#This Row],[Discount]]>1),"Check discount",IF(Table3[[#This Row],[Current Price]]>Table3[[#This Row],[Old Price]],"Check prices","OK"))) -> Check rating
A112: Wall-mounted Sticker Punch-free Plug Fixer | B112: 450 | C112: =IF(Table3[[#This Row],[Current Price]]="","Missing",IF(Table3[[#This Row],[Current Price]]<=Price_Q1,"Low Price",IF(Table3[[#This Row],[Current Price]]<=Price_Q3,"Medium Price","High Price"))) -> Low Price | D112: 900 | E112: 0.5 | F112: =IF(Table3[[#This Row],[Discount]]="","Missing",IF(Table3[[#This Row],[Discount]]<0.2,"Low Discount",IF(Table3[[#This Row],[Discount]]<=0.4,"Medium Discount","High Discount"))) -> High Discount | G112: =Table3[[#This Row],[Old Price]]-Table3[[#This Row],[Current Price]] -> 450 | H112: 1 | I112: 2 | J112: =IF(Table3[[#This Row],[Rating]]="","Missing",IF(Table3[[#This Row],[Rating]]<3,"Poor",IF(Table3[[#This Row],[Rating]]<=4.5,"Average","Excellent"))) -> Poor | K112: =IF(OR(Table3[[#This Row],[Rating]]<0,Table3[[#This Row],[Rating]]>5),"Check rating",IF(OR(Table3[[#This Row],[Discount]]<0,Table3[[#This Row],[Discount]]>1),"Check discount",IF(Table3[[#This Row],[Current Price]]>Table3[[#This Row],[Old Price]],"Check prices","OK"))) -> OK
A113: Black Simple Water Cup Wine Coaster Anti Slip Absorbent | B113: 169 | C113: =IF(Table3[[#This Row],[Current Price]]="","Missing",IF(Table3[[#This Row],[Current Price]]<=Price_Q1,"Low Price",IF(Table3[[#This Row],[Current Price]]<=Price_Q3,"Medium Price","High Price"))) -> Low Price | D113: 320 | E113: 0.47 | F113: =IF(Table3[[#This Row],[Discount]]="","Missing",IF(Table3[[#This Row],[Discount]]<0.2,"Low Discount",IF(Table3[[#This Row],[Discount]]<=0.4,"Medium Discount","High Discount"))) -> High Discount | G113: =Table3[[#This Row],[Old Price]]-Table3[[#This Row],[Current Price]] -> 151 | J113: =IF(Table3[[#This Row],[Rating]]="","Missing",IF(Table3[[#This Row],[Rating]]<3,"Poor",IF(Table3[[#This Row],[Rating]]<=4.5,"Average","Excellent"))) -> Missing | K113: =IF(OR(Table3[[#This Row],[Rating]]<0,Table3[[#This Row],[Rating]]>5),"Check rating",IF(OR(Table3[[#This Row],[Discount]]<0,Table3[[#This Row],[Discount]]>1),"Check discount",IF(Table3[[#This Row],[Current Price]]>Table3[[#This Row],[Old Price]],"Check prices","OK"))) -> Check rating

Sheet Data_Dictionary
B1: Contains: field definitions, assumptions, thresholds, and a cleaning log | C1: New Sections Added
B2: Removing 3 full duplicate rows reduces total count to 112 valid products. | D2: Discount Amount: =[@[Old Price]]-[@[Current Price]]
B3: Used =TRIM() to remove leading,trailing and any double spaces in the product column content | D3: Rating Category: =IF([@Rating]="","Missing",IF([@Rating]<3,"Poor",IF([@Rating]<=4.5,"Average","Excellent")))
D4: Discount Category: =IF([@Discount]="","Missing",IF([@Discount]<0.2,"Low Discount",IF([@Discount]<=0.4,"Medium Discount","High Discount")))
B5: Current Price (Current Price): Converted the price range to midpoint using this formula ((1620+1980)/2 = KSh 1,800.00) for the price of row 40 Cell B40. | D5: Price Category =IF([@[Current Price]]="","Missing",IF([@[Current Price]]<=Price_Q1,"Low Price",IF([@[Current Price]]<=Price_Q3,"Medium Price","High Price")))
B6: Standardize the Current Prices(Column B) using the formula: =VALUE(SUBSTITUTE(SUBSTITUTE(B2,"KSh",""),",","")) | D6: Validation Check : =IF(OR([@Rating]<0,[@Rating]>5),"Check rating",IF(OR([@Discount]<0,[@Discount]>1),"Check discount",IF([@[Current Price]]>[@[Old Price]],"Check prices","OK")))
B7: Formatted Current Price cell as KSh #,##0.00)
D8: Defined Quartiles
B9: Old Price (Old Price): Converted the price range to midpoint using this formula (2200+3200)/2 = KSh 2,700.00) for the price of row 40 Cell C40. | D9: Price_Q1 | E9: 493
B10: Standardize the Old Prices(Column C) using the formula: =VALUE(SUBSTITUTE(SUBSTITUTE(C2,"KSh",""),",","")) | D10: Price_Q3 | E10: 1669.5
B11: Formatted Old Price cell as KSh #,##0.00)
B13: Discount (Discount): =VALUE(SUBSTITUTE(D2,"%",""))/100 (Format cell as 0%) | D13: Some formulas used in the analysis:
D14: Total products | E14: =ROWS(tblProducts[Product])
B15: Reviews (Review): Converted scraping artifacts to absolute values while leaving genuine nulls blank using the formula =IF(E2="","",ABS(VALUE(E2))) | D15: Average current price | E15: =AVERAGE(tblProducts[Current Price])
D16: Average old price | E16: =AVERAGE(tblProducts[Old Price])
B17: Rating (Ratingd): Extracted numeric values and left missing ratings blank using the formula =IF(F2="","",VALUE(SUBSTITUTE(F2," out of 5",""))) | D17: Average discount | E17: =AVERAGE(tblProducts[Discount])
D18: Average rating | E18: =AVERAGE(tblProducts[Rating])
B19: Table Conversion: Selected the cleaned range, pressed Ctrl + T, checked My table has headers, and name it tblProducts. | D19: Total reviews | E19: =SUM(tblProducts[Review])
D20: Most expensive price | E20: =MAX(tblProducts[Current Price])
D21: Least expensive price | E21: =MIN(tblProducts[Current Price])

Sheet Analysis
B1: Contains: | C1: descriptive statistics, correlation checks, and ranked product tables
B3: Defined Quartiles | J3: Below tables help to creater scatter plots
B4: Price_Q1 | C4: =_xlfn.QUARTILE.INC(tblProducts!B:B,1) -> 493
B5: Price_Q3 | C5: =_xlfn.QUARTILE.INC(tblProducts!B:B,3) -> 1669.5 | I5: Helper Table 1 | M5: Helper Table 2 | Q5: Helper Table 3
J6: Discount (X) vs. Reviews (Y) | M6: Rating (X) vs. Reviews (Y) | Q6: Current Price (X) vs. Rating (Y)
B7: Core KPIs | J7: {=_xlfn._xlws.FILTER(_xlfn.HSTACK(tblProducts!E:E,tblProducts!H:H), ISNUMBER(tblProducts!H:H))} -> 0.38 | K7: 2 | M7: {=_xlfn._xlws.FILTER(_xlfn.HSTACK(tblProducts!I:I, tblProducts!H:H), ISNUMBER(tblProducts!I:I))} -> 4.5 | N7: 2 | Q7: {=_xlfn._xlws.FILTER(_xlfn.HSTACK(tblProducts!B:B,tblProducts!I:I),ISNUMBER(tblProducts!I:I))} -> 950 | R7: 4.5
B8: Total Products | C8: =ROWS(Table3[Product]) -> 112 | J8: 0.47 | K8: 14 | M8: 4.1 | N8: 14 | Q8: 527 | R8: 4.1
B9: Average Current Price | C9: =AVERAGE(Table3[Current Price]) -> 1186.8929 | J9: 0.25 | K9: 24 | M9: 4.6 | N9: 24 | Q9: 2199 | R9: 4.6
B10: Average Old Price | C10: =AVERAGE(Table3[Old Price]) -> 1811.1071 | J10: 0.37 | K10: 7 | M10: 4.7 | N10: 7 | Q10: 1580 | R10: 4.7
B11: Average Discount | C11: =AVERAGE(Table3[Discount]) -> 0.36776786 | J11: 0.26 | K11: 5 | M11: 4.8 | N11: 5 | Q11: 1740 | R11: 4.8
B12: Average Rating | C12: =AVERAGE(Table3[Rating]) -> 3.8894737 | J12: 0.09 | K12: 15 | M12: 4 | N12: 15 | Q12: 2999 | R12: 4
B13: Total Reviews | C13: =SUM(Table3[Review]) -> 723 | J13: 0.24 | K13: 55 | M13: 4.6 | N13: 55 | Q13: 2319 | R13: 4.6
B14: Most expensive Price | C14: =MAX(Table3[Current Price]) -> 3750 | J14: 0.37 | K14: 2 | M14: 4 | N14: 2 | Q14: 988 | R14: 4
B15: Least expensive Price | C15: =MIN(Table3[Current Price]) -> 38 | J15: 0.55 | K15: 5 | M15: 4.8 | N15: 5 | Q15: 1274 | R15: 4.8
J16: 0.45 | K16: 5 | M16: 3.8 | N16: 5 | Q16: 1600 | R16: 3.8
J17: 0.2 | K17: 12 | M17: 4.1 | N17: 12 | Q17: 799 | R17: 4.1
B18: Relationship Analysis | J18: 0.34 | K18: 39 | M18: 4.7 | N18: 39 | Q18: 990 | R18: 4.7
B19: Discount vs. Reviews | C19: =CORREL(tblProducts!E:E,tblProducts!H:H) -> -0.13682272 | D19: this is a Weak negative relationship | J19: 0.47 | K19: 12 | M19: 4.8 | N19: 12 | Q19: 552 | R19: 4.8
B20: Rating vs. Reviews | C20: =CORREL(tblProducts!I:I,tblProducts!H:H) -> 0.057209035 | D20: this is a Negligible positive correlation | J20: 0.42 | K20: 6 | M20: 4.5 | N20: 6 | Q20: 501 | R20: 4.5
B21: Current Price vs. Rating | C21: =CORREL(tblProducts!B:B,tblProducts!I:I) -> 0.11009021 | D21: this is a Slight positive correlation | J21: 0.33 | K21: 9 | M21: 4.2 | N21: 9 | Q21: 1680 | R21: 4.2
J22: 0.51 | K22: 2 | M22: 5 | N22: 2 | Q22: 332 | R22: 5
J23: 0.46 | K23: 2 | M23: 5 | N23: 2 | Q23: 195 | R23: 5
B24: Top 5 Highest Rated(ties broken by Review Count) | J24: 0.49 | K24: 3 | M24: 5 | N24: 3 | Q24: 2025 | R24: 5
J25: 0.19 | K25: 5 | M25: 4.6 | N25: 5 | Q25: 2999 | R25: 4.6
J26: 0.49 | K26: 44 | M26: 4.6 | N26: 44 | Q26: 998 | R26: 4.6
J27: 0.53 | K27: 13 | M27: 3.3 | N27: 13 | Q27: 38 | R27: 3.3
J28: 0.35 | K28: 6 | M28: 4 | N28: 6 | Q28: 880 | R28: 4
J29: 0.23 | K29: 14 | M29: 4.4 | N29: 14 | Q29: 1650 | R29: 4.4
J30: 0.54 | K30: 7 | M30: 4.3 | N30: 7 | Q30: 2048 | R30: 4.3
J31: 0.35 | K31: 49 | M31: 4.6 | N31: 49 | Q31: 420 | R31: 4.6
J32: 0.18 | K32: 12 | M32: 3.8 | N32: 12 | Q32: 2880 | R32: 3.8
J33: 0.32 | K33: 13 | M33: 3.8 | N33: 13 | Q33: 1350 | R33: 3.8
J34: 0.3 | K34: 20 | M34: 4.1 | N34: 20 | Q34: 1758 | R34: 4.1
J35: 0.52 | K35: 9 | M35: 4.3 | N35: 9 | Q35: 185 | R35: 4.3
J36: 0.34 | K36: 12 | M36: 4.7 | N36: 12 | Q36: 980 | R36: 4.7
... J63: 0.5 | K63: 1 | M63: 2 | N63: 1 | Q63: 450 | R63: 2

Sheet Pivot_Tables
H2: Ranked product analysis
H7: Discount Mix
H9: Discount Category | I9: Count of Product
H10: High Discount | I10: 62
H11: Low Discount | I11: 18
H12: Medium Discount | I12: 32
H13: (blank)
H14: Grand Total | I14: 112
B15: Rating Mix | N15: Price vs. Rating
B17: Rating Category | C17: Count of Product | N17: Price Category | O17: Average of Rating
B18: Average | C18: 26 | N18: High Price | O18: 4.0842105
B19: Excellent | C19: 19 | N19: Low Price | O19: 3.6357143
B20: Missing | C20: 55 | N20: Medium Price | O20: 3.8833333
B21: Poor | C21: 12 | H21: Top 10 Products by Rating | N21: (blank)
B22: (blank) | N22: Grand Total | O22: 3.8894737
B23: Grand Total | C23: 112 | H23: Row Labels | I23: Average of Rating
H24: 40cm Gold DIY Acrylic Wall Sticker Clock | I24: 4.8
H25: Anti-Skid Absorbent Insulation Coaster For Home Office | I25: 5
H26: Bedroom Simple Floor Hanging Clothes Rack Single Pole Hat Rack - White | I26: 5
H27: Classic Black Cat Cotton Hemp Pillow Case For Home Car | I27: 5
H28: DIY File Folder, Office Drawer File Holder, Pen Holder, Desktop Storage Rack | I28: 5
B29: Engagement by Discount | H29: Konka Healty Electric Kettle, 24-hour Heat Preservation,1.5L,800W, White | I29: 5 | N29: Top 10 Products by Reviews
H30: LASA Aluminum Folding Truck Hand Cart - 68kg Max | I30: 5
B31: Discount Category | C31: Sum of Review | H31: LASA FOLDING TABLE SERVING STAND | I31: 4.8 | N31: Row Labels | O31: Sum of Review
B32: High Discount | C32: 334 | H32: Peacock Throw Pillow Cushion Case For Home Car | I32: 5 | N32: 100 Pcs Crochet Hook Tool Set Knitting Hook Set With Box | O32: 39
B33: Low Discount | C33: 38 | H33: Portable Home Small Air Humidifier 3-Speed Fan - Green | I33: 4.8 | N33: 120W Cordless Vacuum Cleaners Handheld Electric Vacuum Cleaner | O33: 69
B34: Medium Discount | C34: 351 | H34: Grand Total | I34: 4.94 | N34: 137 Pieces Cake Decorating Tool Set Baking Supplies | O34: 55
B35: (blank) | N35: 3D Waterproof EVA Plastic Shower Curtain 1.8*2Mtrs | O35: 44
B36: Grand Total | C36: 723 | N36: 52 Pieces Cake Decorating Tool Set Gift Kit Baking Supplies | O36: 20
H37: Top 10 products by discount | N37: 53 Pieces/Set Yarn Knitting Crochet Hooks With Bag - Pansies | O37: 32
N38: 53Pcs/Set Yarn Knitting Crochet Hooks With Bag - Fortune Cat | O38: 20
H39: Row Labels | I39: Average of Discount | N39: Electronic Digital Display Vernier Caliper | O39: 49
H40: 3PCS Single Head Knitting Crochet Sweater Needle Set | I40: 0.53 | N40: Portable Mini Cordless Car Vacuum Cleaner - Blue | O40: 24
H41: 5-PCS Stainless Steel Cooking Pot Set With Steamed Slices | I41: 0.55 | N41: Punch-free Great Load Bearing Bathroom Storage Rack Wall Shelf-White | O41: 36
H42: 6 In 1 Bottle Can Opener Multifunctional Easy Opener | I42: 0.64 | N42: Grand Total | O42: 388
H43: Classic Black Cat Cotton Hemp Pillow Case For Home Car | I43: 0.53
H44: Creative Owl Shape Keychain Black | I44: 0.55
H45: Exfoliate And Exfoliate Face Towel - Black | I45: 0.52
H46: Intelligent LED Body Sensor Wireless Lighting Night Light USB | I46: 0.52
H47: LASA 3 Tier Bamboo Shoe Bench Storage Shelf | I47: 0.54
H48: LASA FOLDING TABLE SERVING STAND | I48: 0.55
H49: Mythco 120COB Solar Wall Ligt With Motion Sensor And Remote Control 3 Modes | I49: 0.54
H50: Grand Total | I50: 0.54727273

Sheet Dashboard
